# Blender 5.0.1
# www.blender.org
mtllib tree.mtl
o body
v -0.069282 0.036500 -0.046459
v 0.032744 0.036500 -0.076721
v 0.062065 0.062839 0.022130
v -0.039960 0.062839 0.052393
v -0.073097 0.306436 -0.095648
v -0.007836 0.320019 -0.117942
v 0.012565 0.333320 -0.051391
v -0.052695 0.319738 -0.029097
v -0.207508 1.288007 0.088593
v -0.189825 1.280574 0.103731
v -0.205567 1.283610 0.121910
v -0.223251 1.291043 0.106772
v -0.155585 1.445740 0.215866
v -0.149716 1.439993 0.220769
v -0.156896 1.437683 0.226655
v -0.162765 1.443430 0.221751
v -0.257967 1.022167 0.487858
v -0.282007 1.024120 0.494955
v -0.286428 1.040154 0.477492
v -0.262388 1.038201 0.470395
v -0.220548 1.208781 0.512779
v -0.229400 1.210606 0.516069
v -0.232352 1.212450 0.507103
v -0.223501 1.210625 0.503813
v -0.380246 1.130154 -0.454475
v -0.365460 1.130154 -0.456548
v -0.365745 1.144943 -0.458582
v -0.380531 1.144943 -0.456510
v -0.283848 1.393400 -0.248683
v -0.284993 1.393400 -0.239196
v -0.294211 1.395661 -0.240308
v -0.293066 1.395661 -0.249795
v -0.079045 0.172415 -0.079782
v 0.022532 0.174765 -0.110448
v 0.051966 0.200356 -0.011510
v -0.049611 0.198006 0.019156
v -0.105736 0.406131 -0.094022
v -0.054291 0.429072 -0.113718
v -0.035919 0.436711 -0.057251
v -0.087363 0.413769 -0.037554
v -0.140193 0.484036 -0.089696
v -0.093552 0.507272 -0.107933
v -0.076372 0.513659 -0.055856
v -0.123013 0.490423 -0.037619
v -0.170068 0.551685 -0.086002
v -0.126829 0.573226 -0.102909
v -0.110902 0.579147 -0.054631
v -0.154141 0.557606 -0.037725
v -0.197698 0.614250 -0.082586
v -0.157605 0.634224 -0.098263
v -0.142837 0.639714 -0.053498
v -0.182930 0.619740 -0.037822
v -0.223813 0.673386 -0.079358
v -0.186694 0.691878 -0.093871
v -0.173022 0.696961 -0.052427
v -0.210140 0.678469 -0.037914
v -0.251680 0.737528 -0.078966
v -0.217015 0.754091 -0.094166
v -0.204852 0.762677 -0.049006
v -0.239759 0.736012 -0.035987
v -0.287153 0.829738 -0.089865
v -0.251457 0.834636 -0.112518
v -0.237098 0.852815 -0.076782
v -0.277082 0.863249 -0.066683
v -0.298934 0.888542 -0.119782
v -0.268120 0.888542 -0.134883
v -0.254985 0.905475 -0.108081
v -0.285800 0.905475 -0.092980
v -0.308813 0.931629 -0.141362
v -0.279122 0.931629 -0.155912
v -0.266467 0.947945 -0.130088
v -0.296158 0.947945 -0.115538
v -0.318189 0.972520 -0.161843
v -0.289564 0.972520 -0.175870
v -0.277364 0.988250 -0.150974
v -0.305988 0.988250 -0.136946
v -0.327216 1.011892 -0.181562
v -0.299619 1.011892 -0.195087
v -0.287855 1.027058 -0.171084
v -0.315453 1.027058 -0.157559
v -0.335978 1.050107 -0.200703
v -0.309377 1.050107 -0.213739
v -0.298039 1.064725 -0.190602
v -0.324639 1.064725 -0.177566
v -0.344526 1.087391 -0.219376
v -0.318898 1.087391 -0.231936
v -0.307974 1.101474 -0.209645
v -0.333602 1.101474 -0.197086
v -0.355777 1.127614 -0.245561
v -0.327871 1.120745 -0.252524
v -0.316715 1.142868 -0.232229
v -0.342083 1.143544 -0.217508
v -0.239047 0.796572 -0.006906
v -0.279720 0.795593 -0.020097
v -0.278485 0.839977 -0.029667
v -0.240802 0.837728 -0.023558
v -0.253192 0.818062 0.036798
v -0.290156 0.818062 0.028896
v -0.286884 0.852468 0.013587
v -0.249920 0.852468 0.021489
v -0.262635 0.838748 0.081581
v -0.299847 0.838748 0.073626
v -0.296553 0.873384 0.058215
v -0.259341 0.873384 0.066169
v -0.272159 0.859609 0.126744
v -0.309621 0.859609 0.118736
v -0.306304 0.894478 0.103221
v -0.268842 0.894478 0.111229
v -0.281741 0.880599 0.172186
v -0.319454 0.880599 0.164125
v -0.316115 0.915702 0.148506
v -0.278402 0.915702 0.156567
v -0.285840 0.909904 0.224608
v -0.329592 0.912895 0.218392
v -0.320898 0.942046 0.187832
v -0.283867 0.940108 0.196907
v -0.306438 0.987268 0.198129
v -0.272834 0.980499 0.225913
v -0.291854 1.010195 0.253134
v -0.326484 0.998433 0.233232
v -0.291253 1.031817 0.184675
v -0.262944 1.031817 0.205333
v -0.281043 1.048708 0.230136
v -0.309352 1.048708 0.209479
v -0.278087 1.072084 0.168004
v -0.251084 1.072084 0.187709
v -0.268349 1.088195 0.211368
v -0.295352 1.088195 0.191664
v -0.265742 1.109841 0.152372
v -0.239963 1.109841 0.171183
v -0.256445 1.125222 0.193770
v -0.282224 1.125222 0.174959
v -0.253957 1.145882 0.137450
v -0.229347 1.145882 0.155408
v -0.245082 1.160566 0.176971
v -0.269692 1.160566 0.159013
v -0.242597 1.180627 0.123065
v -0.219114 1.180627 0.140201
v -0.234128 1.194638 0.160776
v -0.257611 1.194638 0.143640
v -0.231576 1.214334 0.109109
v -0.209185 1.214334 0.125447
v -0.223501 1.227694 0.145065
v -0.245891 1.227694 0.128727
v -0.220373 1.248612 0.095298
v -0.199468 1.247314 0.111051
v -0.213608 1.258476 0.129966
v -0.234513 1.259773 0.114213
v -0.195178 1.325708 0.110402
v -0.180952 1.313379 0.122473
v -0.197401 1.309399 0.136963
v -0.211626 1.321729 0.124892
v -0.187033 1.350552 0.131174
v -0.174389 1.338171 0.141738
v -0.189856 1.333195 0.154418
v -0.202500 1.345576 0.143854
v -0.180596 1.370171 0.148040
v -0.168944 1.358761 0.157775
v -0.183198 1.354176 0.169460
v -0.194849 1.365586 0.159725
v -0.174723 1.388068 0.163426
v -0.163977 1.377545 0.172405
v -0.177123 1.373316 0.183182
v -0.187869 1.383839 0.174203
v -0.169227 1.404819 0.177827
v -0.159328 1.395126 0.186098
v -0.171438 1.391230 0.196025
v -0.181337 1.400924 0.187754
v -0.164010 1.420720 0.191497
v -0.154915 1.411814 0.199096
v -0.166041 1.408235 0.208216
v -0.175136 1.417141 0.200617
v -0.159013 1.435950 0.204590
v -0.150688 1.427798 0.211545
v -0.160872 1.424522 0.219893
v -0.169196 1.432674 0.212938
v -0.288125 0.939930 0.300394
v -0.323933 0.940669 0.305160
v -0.325805 0.981633 0.298038
v -0.287532 0.982754 0.288244
v -0.282659 0.958947 0.348562
v -0.315643 0.958947 0.354924
v -0.317768 0.990609 0.343904
v -0.284784 0.990609 0.337543
v -0.276475 0.973723 0.386458
v -0.307290 0.973723 0.392401
v -0.309276 1.003303 0.382106
v -0.278461 1.003303 0.376163
v -0.270669 0.987598 0.422042
v -0.299447 0.987598 0.427592
v -0.301301 1.015222 0.417977
v -0.272523 1.015222 0.412427
v -0.264942 1.001316 0.456691
v -0.291652 1.001627 0.462305
v -0.293861 1.026150 0.451605
v -0.267150 1.025838 0.445991
v -0.248760 1.062991 0.498769
v -0.269605 1.066769 0.506257
v -0.275959 1.073027 0.486106
v -0.255114 1.069250 0.478618
v -0.241853 1.096096 0.502351
v -0.260539 1.099948 0.509296
v -0.266771 1.103841 0.490369
v -0.248085 1.099988 0.483424
v -0.236273 1.123058 0.505079
v -0.253277 1.126564 0.511399
v -0.258948 1.130106 0.494175
v -0.241944 1.126600 0.487855
v -0.231188 1.147629 0.507564
v -0.246659 1.150819 0.513314
v -0.251819 1.154042 0.497643
v -0.236348 1.150851 0.491893
v -0.226432 1.170608 0.509888
v -0.240470 1.173503 0.515106
v -0.245152 1.176427 0.500887
v -0.231114 1.173532 0.495669
v -0.221920 1.192407 0.512094
v -0.234598 1.195021 0.516806
v -0.238827 1.197662 0.503964
v -0.226149 1.195048 0.499252
v -0.361630 1.143867 -0.285640
v -0.331314 1.148393 -0.283478
v -0.335593 1.177758 -0.294817
v -0.362112 1.177021 -0.283034
v -0.365870 1.144455 -0.318677
v -0.341945 1.144455 -0.322031
v -0.342406 1.168385 -0.325323
v -0.366332 1.168385 -0.321969
v -0.369644 1.140687 -0.349108
v -0.346683 1.140687 -0.352326
v -0.347126 1.163653 -0.355486
v -0.370087 1.163653 -0.352267
v -0.373248 1.137090 -0.378164
v -0.351207 1.137090 -0.381254
v -0.351632 1.159134 -0.384286
v -0.373673 1.159134 -0.381197
v -0.376733 1.133611 -0.406264
v -0.355583 1.133611 -0.409229
v -0.355991 1.154764 -0.412139
v -0.377141 1.154764 -0.409174
v -0.380127 1.130222 -0.433632
v -0.359844 1.130222 -0.436475
v -0.360235 1.150508 -0.439266
v -0.380518 1.150508 -0.436423
v -0.320807 1.202997 -0.266468
v -0.321164 1.203735 -0.236212
v -0.347557 1.207086 -0.240270
v -0.344487 1.215422 -0.266539
v -0.313856 1.240397 -0.258473
v -0.316469 1.240397 -0.236825
v -0.337502 1.245557 -0.239363
v -0.334890 1.245557 -0.261011
v -0.308199 1.267651 -0.256967
v -0.310616 1.267652 -0.236942
v -0.330071 1.272425 -0.239290
v -0.327655 1.272425 -0.259314
v -0.303062 1.292402 -0.255599
v -0.305300 1.292402 -0.237049
v -0.323323 1.296824 -0.239224
v -0.321084 1.296824 -0.257773
v -0.298269 1.315492 -0.254322
v -0.300341 1.315492 -0.237149
v -0.317027 1.319586 -0.239162
v -0.314955 1.319586 -0.256336
v -0.293731 1.337354 -0.253114
v -0.295646 1.337354 -0.237243
v -0.311066 1.341137 -0.239104
v -0.309151 1.341137 -0.254975
v -0.289394 1.358250 -0.251959
v -0.291159 1.358250 -0.237333
v -0.305369 1.361736 -0.239048
v -0.303604 1.361736 -0.253674
v -0.285221 1.378355 -0.250848
v -0.286841 1.378355 -0.237420
v -0.299887 1.381556 -0.238994
v -0.298267 1.381556 -0.252422
v -0.259560 0.765827 -0.031117
v -0.294364 1.396959 -0.245139
v -0.257352 0.787527 -0.006799
v -0.219902 0.744193 -0.033233
v -0.224213 0.783401 -0.027611
v -0.288080 1.395587 -0.250218
v -0.233144 0.817416 -0.014458
v -0.259349 0.845592 -0.028937
v -0.352457 1.135864 -0.228100
v -0.287533 0.822823 -0.026168
v -0.252234 0.734059 -0.055226
v -0.373027 1.128351 -0.456751
v -0.364209 1.137344 -0.459249
v -0.285304 0.807414 -0.054766
v -0.269522 0.780804 -0.083255
v -0.327826 0.985407 0.267267
v -0.236662 0.745304 -0.093976
v -0.203944 0.760425 -0.077441
v -0.373374 1.146337 -0.459226
v -0.218482 0.808733 -0.063295
v -0.237102 0.840690 -0.047717
v -0.257770 0.866103 -0.068412
v -0.382191 1.137344 -0.456728
v -0.276491 0.847470 -0.049418
v -0.289107 0.851780 -0.075011
v -0.270486 0.830081 -0.109778
v -0.224378 1.210626 0.515511
v -0.235234 0.794913 -0.101668
v -0.342523 1.119363 -0.251670
v -0.238483 0.843208 -0.100075
v -0.318070 1.127284 -0.244169
v -0.327673 1.146086 -0.218249
v -0.320395 1.175241 -0.234921
v -0.231529 1.212848 0.512072
v -0.332937 1.205876 -0.231684
v -0.345584 1.173776 -0.229306
v -0.227955 1.212860 0.504648
v -0.357221 1.189933 -0.257608
v -0.362189 1.153595 -0.260960
v -0.366796 1.156334 -0.286699
v -0.359053 1.136824 -0.267333
v -0.220804 1.210637 0.508086
v -0.348559 1.139641 -0.286225
v -0.331190 1.132782 -0.266742
v -0.320588 1.149270 -0.256569
v -0.322584 1.175804 -0.272321
v -0.151619 1.443944 0.218345
v -0.316729 1.202893 -0.249726
v -0.332793 1.211834 -0.270120
v -0.349704 1.216327 -0.255567
v -0.310583 1.011611 0.249265
v -0.351950 1.199233 -0.274504
v -0.152414 1.439058 0.224887
v -0.347880 1.182819 -0.292936
v -0.330716 1.165306 -0.293701
v -0.160326 1.441142 0.225482
v -0.329181 1.189009 -0.281299
v -0.083885 0.088678 -0.065338
v -0.320921 0.991975 0.207686
v -0.315182 0.963244 0.196962
v -0.159531 1.446028 0.218940
v -0.331215 0.928445 0.195896
v -0.333358 0.955404 0.229397
v 0.015471 0.055213 0.052158
v -0.305910 0.932896 0.304413
v -0.281156 0.959419 0.294536
v -0.283184 1.394216 -0.243790
v -0.308638 0.989675 0.294812
v -0.331371 0.961151 0.302184
v -0.292208 0.996540 0.268960
v -0.327019 0.927533 0.264972
v -0.277430 0.977257 0.259009
v -0.277622 1.001670 0.243944
v -0.287574 0.984925 0.203829
v -0.279936 0.957118 0.209624
v 0.060819 0.038785 -0.028374
v -0.301445 0.946764 0.189587
v -0.278544 0.923750 0.206678
v -0.289468 1.395587 -0.238711
v -0.308580 0.899484 0.225148
v -0.021106 0.022357 -0.071155
v -0.288688 0.925386 0.264453
v -0.066454 0.038785 0.009377
v -0.275993 0.943229 0.231849
v -0.033775 0.168792 -0.113666
v 0.034663 0.088972 -0.100569
v 0.056295 0.188002 -0.066729
v 0.068763 0.119497 0.014356
v 0.006696 0.203980 0.022374
v -0.049785 0.119204 0.049587
v -0.083374 0.184770 -0.024563
v -0.071939 0.246073 -0.089940
v -0.044291 0.310734 -0.119273
v 0.008606 0.253353 -0.115472
v 0.014601 0.329216 -0.088847
v 0.032533 0.272202 -0.035782
v -0.016240 0.329023 -0.027766
v -0.048012 0.264922 -0.010250
v -0.075132 0.310540 -0.058192
v -0.086432 0.359375 -0.096206
v -0.083458 0.416169 -0.114458
v -0.030206 0.378636 -0.116794
v -0.035459 0.437193 -0.089178
v -0.011321 0.388291 -0.057116
v -0.058196 0.426672 -0.036815
v -0.067547 0.369030 -0.036528
v -0.106196 0.405648 -0.062095
v -0.123881 0.447114 -0.091721
v -0.120094 0.494457 -0.108578
v -0.075272 0.470995 -0.110675
v -0.076217 0.514823 -0.085314
v -0.057440 0.477725 -0.056523
v -0.096471 0.503239 -0.036974
v -0.106048 0.453845 -0.037569
v -0.140348 0.482873 -0.060238
v -0.155485 0.518665 -0.087805
v -0.151434 0.561345 -0.103508
v -0.110586 0.541033 -0.105361
v -0.110758 0.580226 -0.081940
v -0.094047 0.547182 -0.055229
v -0.129535 0.569487 -0.037126
v -0.138947 0.524813 -0.037673
v -0.170211 0.550606 -0.058693
v -0.184106 0.583473 -0.084267
v -0.180420 0.623208 -0.098818
v -0.142466 0.604218 -0.100548
v -0.142704 0.640714 -0.078820
v -0.127128 0.609920 -0.054056
v -0.160114 0.630757 -0.037267
v -0.168768 0.589175 -0.037774
v -0.197831 0.613250 -0.057265
v -0.210916 0.644183 -0.080952
v -0.207817 0.681679 -0.094385
v -0.172329 0.663407 -0.096040
v -0.172898 0.697887 -0.075871
v -0.158116 0.668691 -0.052956
v -0.189017 0.688668 -0.037400
v -0.196703 0.649467 -0.037868
v -0.223936 0.672460 -0.055915
v -0.236789 0.702900 -0.078135
v -0.201058 0.720612 -0.092312
v -0.187847 0.725625 -0.051686
v -0.223734 0.707010 -0.037706
v -0.293678 0.864695 -0.107824
v -0.285990 0.885367 -0.132357
v -0.261715 0.864878 -0.123826
v -0.255775 0.897009 -0.124313
v -0.248354 0.882503 -0.095804
v -0.267930 0.908651 -0.095506
v -0.280641 0.883514 -0.080832
v -0.298144 0.897009 -0.103550
v -0.303952 0.910428 -0.130743
v -0.296341 0.928570 -0.153479
v -0.273709 0.910428 -0.145565
v -0.267228 0.939787 -0.145729
v -0.260817 0.927048 -0.119260
v -0.278939 0.951004 -0.117971
v -0.291061 0.927048 -0.104439
v -0.308052 0.939787 -0.125722
v -0.313552 0.952296 -0.151713
v -0.306164 0.969571 -0.173524
v -0.284400 0.952296 -0.166000
v -0.278097 0.980385 -0.166052
v -0.271974 0.968316 -0.140644
v -0.289388 0.991199 -0.139292
v -0.301126 0.968316 -0.126358
v -0.317455 0.980385 -0.146764
v -0.322740 0.992369 -0.171784
v -0.315623 1.009049 -0.192825
v -0.294633 0.992369 -0.185558
v -0.288562 1.019475 -0.185621
v -0.282653 1.007815 -0.161112
v -0.299448 1.029901 -0.159821
v -0.310759 1.007815 -0.147338
v -0.326509 1.019475 -0.167025
v -0.331626 1.031128 -0.191197
v -0.324804 1.047366 -0.211559
v -0.304531 1.031128 -0.204476
v -0.298720 1.057416 -0.204615
v -0.292981 1.046018 -0.180909
v -0.309213 1.067466 -0.179746
v -0.320077 1.046018 -0.167630
v -0.335296 1.057416 -0.186690
v -0.340276 1.068855 -0.210092
v -0.333760 1.084750 -0.229836
v -0.314165 1.068855 -0.222889
v -0.308631 1.094432 -0.223146
v -0.303034 1.083204 -0.200178
v -0.318740 1.104115 -0.199186
v -0.329146 1.083204 -0.187381
v -0.343870 1.094432 -0.205876
v -0.349017 1.106053 -0.229349
v -0.323538 1.105339 -0.241235
v -0.312720 1.120010 -0.219348
v -0.337975 1.120315 -0.206852
v -0.247909 0.807677 0.014668
v -0.272288 0.811611 0.035717
v -0.285290 0.807714 0.006382
v -0.295451 0.835265 0.019760
v -0.282236 0.843122 -0.008429
v -0.267788 0.858918 0.014668
v -0.245274 0.842841 -0.000771
v -0.244625 0.835265 0.030625
v -0.257902 0.828379 0.059132
v -0.281859 0.832254 0.080493
v -0.294990 0.828379 0.051204
v -0.305177 0.856066 0.064429
v -0.291706 0.862899 0.035844
v -0.277329 0.879878 0.059302
v -0.254618 0.862899 0.043772
v -0.254011 0.856066 0.075366
v -0.267389 0.849160 0.104123
v -0.291512 0.853072 0.125649
v -0.304725 0.849160 0.096142
v -0.314986 0.877043 0.109477
v -0.301420 0.883912 0.080678
v -0.286951 0.901015 0.104316
v -0.264083 0.883912 0.088660
v -0.263476 0.877043 0.120488
v -0.276943 0.870090 0.149435
v -0.301224 0.874018 0.171084
v -0.314531 0.870090 0.141400
v -0.324856 0.898151 0.154804
v -0.311203 0.905075 0.125833
v -0.296633 0.922283 0.149608
v -0.273616 0.905075 0.133868
v -0.273000 0.898151 0.165888
v -0.285925 0.891859 0.195584
v -0.324372 0.892205 0.187644
v -0.320405 0.926981 0.170461
v -0.282683 0.926739 0.178669
v -0.298378 1.010262 0.192976
v -0.273705 1.028650 0.190353
v -0.268873 1.009923 0.214732
v -0.266686 1.040263 0.221608
v -0.287435 1.028217 0.240462
v -0.298591 1.051875 0.224458
v -0.316986 1.027073 0.219298
v -0.305610 1.040263 0.193204
v -0.284541 1.052344 0.176177
v -0.261348 1.069063 0.173420
v -0.256898 1.052345 0.196348
v -0.254653 1.080139 0.203233
v -0.274572 1.068838 0.220569
v -0.285087 1.091216 0.205952
v -0.302215 1.068838 0.200397
v -0.291782 1.080139 0.176139
v -0.271832 1.091214 0.160084
v -0.249762 1.106957 0.157542
v -0.245449 1.091214 0.179336
v -0.243370 1.117531 0.186003
v -0.262317 1.106955 0.202452
v -0.272425 1.128106 0.188599
v -0.288700 1.106955 0.183200
v -0.278816 1.117531 0.160138
v -0.259789 1.128045 0.144835
v -0.238702 1.143129 0.142386
v -0.234601 1.128045 0.163215
v -0.232600 1.153224 0.169557
v -0.250706 1.143074 0.185285
v -0.260337 1.163319 0.172035
v -0.275894 1.143074 0.166904
v -0.266439 1.153224 0.144864
v -0.248230 1.163398 0.130198
v -0.228040 1.178000 0.127775
v -0.224188 1.163398 0.147742
v -0.222218 1.187632 0.153702
v -0.239560 1.177743 0.168807
v -0.248685 1.197265 0.156066
v -0.263602 1.177743 0.151263
v -0.254507 1.187633 0.130140
v -0.237048 1.197598 0.116038
v -0.217696 1.211830 0.113600
v -0.214115 1.197598 0.132773
v -0.212145 1.221014 0.138320
v -0.228777 1.211281 0.152866
v -0.237380 1.230199 0.140574
v -0.251710 1.211281 0.136132
v -0.242932 1.221014 0.115854
v -0.226115 1.231036 0.102242
v -0.207269 1.245870 0.099628
v -0.204314 1.230873 0.118213
v -0.202618 1.252652 0.123462
v -0.218350 1.243718 0.137391
v -0.226712 1.261217 0.125636
v -0.240152 1.243880 0.121419
v -0.231362 1.254436 0.101802
v -0.214104 1.267809 0.089123
v -0.195715 1.283722 0.092754
v -0.194626 1.263799 0.104798
v -0.194380 1.280699 0.115659
v -0.209474 1.271366 0.123622
v -0.217361 1.287896 0.117749
v -0.228953 1.275376 0.107947
v -0.218695 1.290919 0.094844
v -0.200969 1.308012 0.097395
v -0.184981 1.320289 0.113721
v -0.185167 1.297576 0.111083
v -0.186509 1.309077 0.131981
v -0.201496 1.296452 0.127516
v -0.207597 1.314818 0.133644
v -0.217298 1.306888 0.113829
v -0.206069 1.326030 0.115384
v -0.190669 1.339468 0.121718
v -0.177811 1.345295 0.134079
v -0.177424 1.326698 0.132808
v -0.179752 1.333362 0.150059
v -0.193507 1.321688 0.146119
v -0.199078 1.338453 0.151513
v -0.206752 1.334458 0.135029
v -0.197137 1.350386 0.135533
v -0.183724 1.360636 0.139843
v -0.172097 1.365326 0.150717
v -0.171590 1.348754 0.149981
v -0.173886 1.354329 0.165443
v -0.186434 1.343979 0.162149
v -0.191696 1.359021 0.166783
v -0.198568 1.355861 0.152011
v -0.189907 1.370017 0.152057
v -0.177604 1.379290 0.155879
v -0.166885 1.383600 0.165895
v -0.166413 1.368332 0.165229
v -0.168535 1.373458 0.179477
v -0.180103 1.363928 0.176451
v -0.184961 1.377785 0.180713
v -0.191293 1.374885 0.167101
v -0.183311 1.387927 0.167131
v -0.171935 1.396565 0.170731
v -0.162007 1.400703 0.180101
v -0.161619 1.386463 0.179351
v -0.163527 1.391361 0.192613
v -0.174239 1.382403 0.189697
v -0.178658 1.395347 0.193751
v -0.184556 1.392505 0.181077
v -0.177138 1.404689 0.181240
v -0.166588 1.412863 0.184742
v -0.157376 1.416938 0.193586
v -0.157096 1.403568 0.192673
v -0.158773 1.408354 0.205081
v -0.168708 1.399833 0.202193
v -0.172674 1.412017 0.206127
v -0.178200 1.409127 0.194261
v -0.171278 1.420600 0.194632
v -0.161487 1.428410 0.198108
v -0.152941 1.432488 0.206502
v -0.152781 1.419885 0.205382
v -0.154219 1.424632 0.217024
v -0.163431 1.416459 0.214113
v -0.166943 1.427984 0.217981
v -0.172137 1.424984 0.206838
v -0.165665 1.435840 0.207460
v -0.156769 1.442676 0.210861
v -0.149119 1.435186 0.217252
v -0.158477 1.432175 0.224924
v -0.166127 1.439666 0.218532
v -0.285794 0.950711 0.327514
v -0.298752 0.953010 0.353809
v -0.319991 0.950803 0.333842
v -0.322890 0.974778 0.350607
v -0.322140 0.984454 0.323023
v -0.301674 0.996546 0.338657
v -0.287694 0.984509 0.316270
v -0.277537 0.974778 0.341860
v -0.279508 0.966477 0.367873
v -0.291510 0.968177 0.391360
v -0.311387 0.966477 0.374021
v -0.314061 0.988513 0.388368
v -0.313440 0.997077 0.363371
v -0.294240 1.008849 0.377204
v -0.281562 0.997077 0.357223
v -0.271690 0.988513 0.380196
v -0.273534 0.980751 0.404482
v -0.284710 0.982418 0.426619
v -0.303317 0.980751 0.410226
v -0.305770 1.001410 0.423825
v -0.305236 1.009340 0.400276
v -0.287260 1.020401 0.413400
v -0.275453 1.009340 0.394532
v -0.266200 1.001410 0.416194
v -0.267845 0.994350 0.439293
v -0.277883 0.996874 0.461504
v -0.295625 0.994389 0.444708
v -0.297765 1.013947 0.458007
v -0.297476 1.020916 0.435205
v -0.280920 1.030592 0.446792
v -0.269696 1.020877 0.429790
v -0.261038 1.013519 0.450289
v -0.261772 1.009462 0.473994
v -0.269158 1.020138 0.494681
v -0.287255 1.010446 0.480314
v -0.288725 1.032503 0.487554
v -0.290414 1.031374 0.466402
v -0.275237 1.042184 0.470669
v -0.264931 1.030390 0.460082
v -0.255670 1.029818 0.477796
v -0.253358 1.041641 0.495411
v -0.257992 1.063706 0.506291
v -0.275757 1.044648 0.502890
v -0.276691 1.070606 0.497586
v -0.281356 1.055243 0.483351
v -0.266728 1.072312 0.478584
v -0.258957 1.052237 0.475872
v -0.248029 1.065412 0.487290
v -0.244988 1.080982 0.500793
v -0.250027 1.097292 0.509373
v -0.264628 1.084967 0.508061
v -0.267159 1.102617 0.501135
v -0.271104 1.089298 0.488287
v -0.258597 1.102644 0.483348
v -0.251464 1.085313 0.481020
v -0.241466 1.097319 0.491586
v -0.238984 1.109958 0.503754
v -0.243712 1.124147 0.511468
v -0.256805 1.113633 0.510377
v -0.259301 1.128992 0.503972
v -0.262749 1.117345 0.492326
v -0.251510 1.129017 0.487786
v -0.244928 1.113670 0.485702
v -0.235920 1.124172 0.495282
v -0.233682 1.135579 0.506345
v -0.237956 1.148620 0.513378
v -0.249904 1.138924 0.512375
v -0.252140 1.153028 0.506557
v -0.255315 1.142304 0.495942
v -0.245051 1.153051 0.491830
v -0.239092 1.138959 0.489913
v -0.230867 1.148642 0.498650
v -0.228775 1.159287 0.508743
v -0.232573 1.171507 0.515163
v -0.243519 1.162327 0.514223
v -0.245443 1.175507 0.508975
v -0.248437 1.165398 0.499289
v -0.239011 1.175528 0.495612
v -0.233693 1.162358 0.493809
v -0.226141 1.171528 0.501801
v -0.224149 1.181637 0.511004
v -0.227466 1.193219 0.516858
v -0.237499 1.184390 0.515966
v -0.239090 1.196832 0.511268
v -0.241952 1.187171 0.502444
v -0.233281 1.196850 0.499200
v -0.228602 1.184418 0.497482
v -0.221657 1.193238 0.504789
v -0.220196 1.202403 0.512939
v -0.231771 1.204790 0.517241
v -0.235632 1.207202 0.505516
v -0.224057 1.204815 0.501214
v -0.363866 1.145854 -0.302657
v -0.353821 1.139968 -0.319736
v -0.338948 1.146346 -0.305756
v -0.337689 1.156420 -0.324305
v -0.339710 1.171406 -0.309724
v -0.354456 1.172872 -0.324263
v -0.364388 1.171192 -0.305664
v -0.370587 1.156420 -0.319694
v -0.367784 1.142545 -0.334106
v -0.358081 1.136381 -0.350125
v -0.344347 1.142545 -0.337391
v -0.342599 1.152170 -0.354510
v -0.344799 1.165986 -0.340616
v -0.358690 1.167959 -0.354469
v -0.368236 1.165986 -0.337331
v -0.374171 1.152170 -0.350084
v -0.371463 1.138871 -0.363775
v -0.362148 1.132956 -0.379140
v -0.348967 1.138871 -0.366929
v -0.347287 1.148112 -0.383349
v -0.349401 1.161372 -0.370024
v -0.362732 1.163267 -0.383310
v -0.371897 1.161372 -0.366871
v -0.377593 1.148112 -0.379101
v -0.375003 1.135337 -0.392317
v -0.366081 1.129644 -0.407201
v -0.353411 1.135337 -0.395344
v -0.351821 1.144187 -0.411240
v -0.353827 1.156933 -0.398315
v -0.366642 1.158731 -0.411202
v -0.375420 1.156933 -0.395288
v -0.380902 1.144187 -0.407163
v -0.378440 1.131906 -0.420030
v -0.369912 1.126418 -0.434530
v -0.357726 1.131906 -0.422933
v -0.356237 1.140365 -0.438404
v -0.358126 1.152624 -0.425783
v -0.370450 1.154312 -0.438368
v -0.378839 1.152624 -0.422880
v -0.384126 1.140365 -0.434495
v -0.381284 1.129075 -0.446367
v -0.362232 1.129075 -0.449037
v -0.362600 1.148130 -0.451659
v -0.381652 1.148131 -0.448988
v -0.316994 1.224786 -0.259954
v -0.311219 1.239429 -0.247173
v -0.319446 1.224686 -0.236700
v -0.327475 1.242977 -0.234035
v -0.341725 1.230084 -0.239473
v -0.340139 1.246525 -0.250663
v -0.339043 1.230820 -0.262395
v -0.323883 1.242977 -0.263801
v -0.310945 1.254424 -0.257698
v -0.305760 1.266757 -0.246514
v -0.313456 1.254424 -0.236885
v -0.320796 1.270038 -0.234362
v -0.333677 1.259386 -0.239326
v -0.332511 1.273320 -0.249742
v -0.331166 1.259385 -0.260138
v -0.317474 1.270038 -0.261895
v -0.305579 1.280273 -0.256269
v -0.300802 1.291573 -0.245916
v -0.307905 1.280273 -0.236997
v -0.314731 1.294613 -0.234659
v -0.326629 1.284867 -0.239256
v -0.325583 1.297653 -0.248906
v -0.324304 1.284867 -0.258528
v -0.311653 1.294613 -0.260164
v -0.300629 1.304123 -0.254951
v -0.296177 1.314725 -0.245358
v -0.302783 1.304123 -0.237100
v -0.309073 1.317539 -0.234935
v -0.320127 1.308378 -0.239193
v -0.319119 1.320354 -0.248126
v -0.317973 1.308378 -0.257044
v -0.306223 1.317539 -0.258549
v -0.295972 1.326558 -0.253711
v -0.291798 1.336645 -0.244830
v -0.297965 1.326558 -0.237196
v -0.303715 1.339246 -0.235198
v -0.314010 1.330495 -0.239133
v -0.313000 1.341847 -0.247388
v -0.312017 1.330495 -0.255647
v -0.301082 1.339246 -0.257020
v -0.291540 1.347910 -0.252530
v -0.287612 1.357596 -0.244325
v -0.293379 1.347910 -0.237289
v -0.298595 1.359993 -0.235448
v -0.308188 1.351544 -0.239076
v -0.307151 1.362390 -0.246682
v -0.306349 1.351544 -0.254317
v -0.296168 1.359993 -0.255559
v -0.287289 1.368393 -0.251398
v -0.283585 1.377755 -0.243839
v -0.288981 1.368393 -0.237377
v -0.293668 1.379956 -0.235689
v -0.302604 1.371735 -0.239021
v -0.301523 1.382156 -0.246003
v -0.300912 1.371735 -0.253042
v -0.291440 1.379956 -0.254153
v -0.283598 1.387612 -0.250108
v -0.285089 1.387612 -0.237752
v -0.297095 1.390557 -0.239201
v -0.295603 1.390557 -0.251557
v -0.203370 0.716764 -0.036977
v -0.187760 0.726494 -0.074917
v -0.221382 0.710887 -0.092723
v -0.211045 0.643221 -0.056581
v -0.174744 0.660070 -0.037334
v -0.157987 0.669654 -0.077327
v -0.194288 0.652804 -0.096574
v -0.184244 0.582435 -0.057968
v -0.145072 0.600617 -0.037197
v -0.126989 0.610959 -0.080355
v -0.166162 0.592776 -0.101125
v -0.155635 0.517545 -0.059447
v -0.113396 0.537150 -0.037052
v -0.093898 0.548301 -0.083587
v -0.136137 0.528696 -0.105983
v -0.124079 0.446002 -0.061091
v -0.078400 0.467047 -0.036893
v -0.278719 0.950090 0.262102
v -0.057242 0.478837 -0.087153
v -0.102920 0.457792 -0.111351
v -0.364584 1.148168 -0.271654
v -0.087532 0.360591 -0.062507
v -0.035893 0.380471 -0.035632
v -0.322238 1.135453 -0.257098
v -0.010222 0.387075 -0.090815
v -0.061860 0.367195 -0.117689
v -0.075078 0.254133 -0.045308
v -0.003253 0.272096 -0.008074
v -0.354813 1.203293 -0.263670
v 0.035672 0.264143 -0.080414
v -0.308292 0.916762 0.265436
v -0.036153 0.246179 -0.117648
v -0.326245 1.176732 -0.283043
v -0.089363 0.102813 -0.000895
v -0.270590 0.771472 -0.055598
v 0.016069 0.124098 0.054149
v 0.074397 0.103217 -0.049562
v -0.280868 0.992649 0.258181
v -0.222011 0.802420 -0.087153
v -0.031035 0.081931 -0.104605
v -0.288238 1.397804 -0.244400
v -0.254465 0.787953 -0.100125
v -0.333759 0.956483 0.265702
v -0.373630 1.136914 -0.461052
v -0.225571 1.214108 0.510370
v -0.155410 1.444288 0.223285
v -0.276189 0.941147 0.215905
v -0.001158 0.015943 -0.003905
v -0.356055 1.164050 -0.243447
v -0.224472 0.812764 -0.038322
v -0.318715 1.175376 -0.253113
v -0.239821 0.768231 -0.022731
v -0.287193 0.832802 -0.051738
v -0.311162 0.997181 0.270796
v -0.331420 1.176237 -0.226178
v -0.257111 0.851524 -0.049581
v -0.327940 0.958926 0.206020
v -0.295969 0.964236 0.200316
v -0.345894 1.131662 -0.268210
v -0.340453 1.196038 -0.279931
v -0.236963 0.701683 -0.055338
v -0.280034 0.861485 -0.121176
v -0.249107 0.873511 -0.112821
v -0.262261 0.886611 -0.083295
v -0.293116 0.874456 -0.091314
v -0.291247 0.907312 -0.143086
v -0.261592 0.918738 -0.135191
v -0.273522 0.930164 -0.106917
v -0.303177 0.918738 -0.114812
v -0.301306 0.949292 -0.163611
v -0.272721 0.960306 -0.156001
v -0.284220 0.971319 -0.128747
v -0.312805 0.960306 -0.136357
v -0.310933 0.989473 -0.183255
v -0.283373 1.000092 -0.175918
v -0.294460 1.010711 -0.149641
v -0.322019 1.000092 -0.156979
v -0.320244 1.028337 -0.202255
v -0.293676 1.038573 -0.195182
v -0.304364 1.048810 -0.169850
v -0.330932 1.038573 -0.176924
v -0.329307 1.066164 -0.220749
v -0.303703 1.076029 -0.213933
v -0.314004 1.085894 -0.189521
v -0.339607 1.076029 -0.196337
v -0.338199 1.102945 -0.239335
v -0.313459 1.112300 -0.232590
v -0.323365 1.122892 -0.208803
v -0.348134 1.113283 -0.215777
v -0.266922 0.800964 0.013666
v -0.290811 0.825864 -0.002586
v -0.263182 0.849452 -0.007395
v -0.239697 0.825292 0.008338
v -0.277061 0.821906 0.058048
v -0.300302 0.845639 0.042037
v -0.272546 0.869371 0.036928
v -0.249306 0.845639 0.052938
v -0.286677 0.842644 0.103031
v -0.310073 0.866536 0.086914
v -0.282132 0.890428 0.081770
v -0.258735 0.866536 0.097888
v -0.296361 0.863531 0.148336
v -0.319915 0.887583 0.132110
v -0.291786 0.911635 0.126932
v -0.268232 0.887583 0.143158
v -0.305799 0.885162 0.194900
v -0.329384 0.909826 0.177099
v -0.300877 0.933346 0.171648
v -0.277282 0.909255 0.188177
v -0.280302 1.007082 0.198855
v -0.272795 1.019483 0.231620
v -0.305501 1.031143 0.234851
v -0.313045 1.018430 0.201870
v -0.267405 1.049252 0.181721
v -0.260552 1.060591 0.212241
v -0.291707 1.071931 0.215024
v -0.298561 1.060591 0.184505
v -0.255478 1.088262 0.165375
v -0.248937 1.099084 0.194503
v -0.278672 1.109907 0.197160
v -0.285213 1.099085 0.168032
v -0.244176 1.125227 0.149887
v -0.237931 1.135559 0.177696
v -0.266319 1.145892 0.180233
v -0.272565 1.135559 0.152423
v -0.233327 1.160708 0.135020
v -0.227366 1.170570 0.161564
v -0.254463 1.180432 0.163985
v -0.260424 1.170570 0.137441
v -0.222832 1.195032 0.120638
v -0.217146 1.204439 0.145957
v -0.242993 1.213846 0.148266
v -0.248679 1.204439 0.122947
v -0.212583 1.228546 0.106632
v -0.207244 1.237265 0.130797
v -0.231882 1.246207 0.133001
v -0.237221 1.237488 0.108836
v -0.201581 1.264385 0.093431
v -0.198398 1.266830 0.117150
v -0.221997 1.274790 0.119314
v -0.225181 1.272345 0.095595
v -0.190006 1.303005 0.101158
v -0.190369 1.295057 0.121866
v -0.212459 1.301459 0.123754
v -0.212096 1.309407 0.103046
v -0.181031 1.334022 0.124767
v -0.182982 1.321799 0.141543
v -0.203146 1.327133 0.143069
v -0.201194 1.339357 0.126294
v -0.174874 1.355590 0.142630
v -0.176737 1.344139 0.157966
v -0.195284 1.349024 0.159362
v -0.193421 1.360476 0.144026
v -0.169442 1.374637 0.158450
v -0.171160 1.364075 0.172594
v -0.188264 1.368581 0.173880
v -0.186546 1.379142 0.159737
v -0.164411 1.392276 0.173101
v -0.165995 1.382539 0.186140
v -0.181764 1.386693 0.187327
v -0.180180 1.396430 0.174288
v -0.159664 1.408916 0.186923
v -0.161122 1.399957 0.198920
v -0.175631 1.403779 0.200012
v -0.174174 1.412738 0.188015
v -0.155137 1.424790 0.200108
v -0.156473 1.416574 0.211111
v -0.169781 1.420079 0.212113
v -0.168444 1.428295 0.201109
v -0.151163 1.439577 0.212683
v -0.152338 1.432358 0.222351
v -0.164030 1.435438 0.223230
v -0.162856 1.442658 0.213562
v -0.302519 0.944482 0.332744
v -0.327451 0.967628 0.329580
v -0.305449 0.990788 0.317823
v -0.280318 0.967458 0.320717
v -0.295062 0.960739 0.372944
v -0.318391 0.981777 0.369849
v -0.297886 1.002815 0.358300
v -0.274557 0.981777 0.361395
v -0.288066 0.975390 0.409219
v -0.309861 0.995045 0.406328
v -0.290704 1.014700 0.395538
v -0.268909 0.995045 0.398430
v -0.281388 0.989396 0.443782
v -0.301759 1.007660 0.440972
v -0.283933 1.025870 0.430716
v -0.263562 1.007606 0.433526
v -0.273922 1.006030 0.479762
v -0.293613 1.021095 0.474543
v -0.278265 1.034806 0.460634
v -0.258574 1.019741 0.465853
v -0.263507 1.041157 0.502815
v -0.282756 1.050509 0.494523
v -0.271206 1.055727 0.475948
v -0.251958 1.046375 0.484239
v -0.253594 1.082162 0.508135
v -0.271549 1.087879 0.499537
v -0.262498 1.088117 0.480946
v -0.244543 1.082400 0.489544
v -0.246780 1.111099 0.510450
v -0.263118 1.116178 0.502594
v -0.254953 1.116204 0.485630
v -0.238615 1.111125 0.493486
v -0.240778 1.136618 0.512441
v -0.255652 1.141241 0.505289
v -0.248218 1.141265 0.489847
v -0.233345 1.136642 0.496998
v -0.235225 1.160231 0.514284
v -0.248742 1.164433 0.507784
v -0.241987 1.164454 0.493749
v -0.228469 1.160253 0.500248
v -0.229989 1.182492 0.516021
v -0.242229 1.186296 0.510135
v -0.236112 1.186316 0.497427
v -0.223873 1.182511 0.503313
v -0.225232 1.203256 0.517301
v -0.235843 1.206554 0.512199
v -0.230540 1.206571 0.501181
v -0.219929 1.203273 0.506284
v -0.351444 1.141376 -0.303633
v -0.334876 1.159088 -0.308622
v -0.352018 1.176002 -0.308474
v -0.368717 1.158198 -0.303677
v -0.355981 1.138149 -0.335144
v -0.340179 1.154265 -0.339620
v -0.356602 1.170381 -0.339578
v -0.372404 1.154265 -0.335103
v -0.360134 1.134653 -0.364772
v -0.344966 1.150122 -0.369068
v -0.360730 1.165591 -0.369028
v -0.375898 1.150122 -0.364732
v -0.364129 1.131288 -0.393273
v -0.349571 1.146135 -0.397397
v -0.364702 1.160982 -0.397359
v -0.379260 1.146135 -0.393235
v -0.368008 1.128022 -0.420947
v -0.354042 1.142265 -0.424903
v -0.368557 1.156508 -0.424866
v -0.382524 1.142265 -0.420910
v -0.371710 1.125477 -0.447354
v -0.358859 1.138583 -0.450994
v -0.372215 1.151688 -0.450960
v -0.385066 1.138583 -0.447320
v -0.314137 1.223699 -0.247792
v -0.330927 1.227300 -0.233649
v -0.344450 1.231761 -0.251588
v -0.327594 1.227979 -0.265372
v -0.308409 1.253494 -0.246834
v -0.324038 1.256905 -0.234203
v -0.336213 1.260316 -0.250189
v -0.320585 1.256905 -0.262820
v -0.303231 1.279412 -0.246209
v -0.317703 1.282570 -0.234513
v -0.328978 1.285729 -0.249316
v -0.314506 1.282571 -0.261012
v -0.298454 1.303325 -0.245633
v -0.311859 1.306250 -0.234799
v -0.322302 1.309176 -0.248510
v -0.308897 1.306250 -0.259344
v -0.293960 1.325820 -0.245091
v -0.306361 1.328526 -0.235068
v -0.316022 1.331232 -0.247753
v -0.303621 1.328526 -0.257775
v -0.289683 1.347229 -0.244574
v -0.301129 1.349727 -0.235324
v -0.310045 1.352225 -0.247032
v -0.298600 1.349727 -0.256282
v -0.285580 1.367766 -0.244079
v -0.296109 1.370064 -0.235570
v -0.304312 1.372362 -0.246340
v -0.293783 1.370064 -0.254849
v -0.282067 1.387164 -0.243655
v -0.291346 1.389189 -0.236156
v -0.298575 1.391214 -0.245647
v -0.289296 1.389189 -0.253146
vn 0.5804 0.2239 0.7830
vn -0.0343 -0.1159 0.9927
vn -0.0199 -0.0209 0.9996
vn 0.5741 0.2793 0.7697
vn 0.7029 0.2930 -0.6481
vn 0.9059 0.4235 0.0061
vn 0.8879 0.4596 0.0217
vn 0.6730 0.3711 -0.6398
vn -0.5905 -0.2809 -0.7566
vn 0.0220 -0.0356 -0.9991
vn -0.0036 0.0538 -0.9985
vn -0.6002 -0.2337 -0.7649
vn -0.6966 -0.3217 0.6413
vn -0.9150 -0.4029 -0.0207
vn 0.5724 0.2875 0.7679
vn -0.0205 -0.0079 0.9998
vn 0.6661 0.3848 -0.6390
vn 0.8845 0.4659 0.0231
vn -0.6029 -0.2244 -0.7656
vn -0.0100 0.0709 -0.9974
vn -0.6964 -0.3221 0.6413
vn -0.9149 -0.4031 -0.0206
vn -0.9144 -0.4042 -0.0199
vn -0.6956 -0.3241 0.6412
vn 0.5725 0.2875 0.7679
vn -0.0205 -0.0081 0.9998
vn -0.0208 -0.0089 0.9997
vn 0.5732 0.2877 0.7673
vn 0.9329 -0.3313 0.1412
vn 0.9263 -0.3314 0.1793
vn 0.9917 -0.0520 0.1176
vn 0.9773 0.1296 0.1675
vn 0.6665 0.3841 -0.6390
vn 0.8847 0.4655 0.0228
vn 0.8859 0.4634 0.0211
vn 0.6683 0.3808 -0.6390
vn -0.6028 -0.2244 -0.7656
vn -0.0096 0.0707 -0.9974
vn -0.0073 0.0699 -0.9975
vn -0.6025 -0.2241 -0.7660
vn -0.9689 0.1580 0.1902
vn -0.9051 -0.4206 -0.0618
vn -0.9621 -0.2335 0.1409
vn -0.7070 -0.2986 0.6411
vn -0.9241 -0.3817 -0.0177
vn -0.9696 -0.2434 -0.0245
vn -0.7637 -0.1348 0.6314
vn 0.5725 0.2944 0.7652
vn -0.0309 0.0100 0.9995
vn -0.0707 0.1260 0.9895
vn 0.5652 0.3279 0.7569
vn 0.8557 -0.2830 -0.4332
vn 0.9767 -0.0090 -0.2142
vn 0.7246 -0.4420 -0.5288
vn 0.6778 0.3625 -0.6396
vn 0.8924 0.4511 0.0162
vn 0.9178 0.3969 0.0108
vn 0.7133 0.2845 -0.6405
vn -0.6045 -0.2149 -0.7671
vn 0.0013 0.0639 -0.9980
vn 0.0230 0.0317 -0.9992
vn -0.6142 -0.1663 -0.7714
vn -0.8042 0.1311 0.5797
vn -0.9980 -0.0199 -0.0600
vn -0.9920 0.0870 -0.0920
vn -0.8013 0.2570 0.5403
vn 0.5604 0.3770 0.7375
vn -0.1036 0.3096 0.9452
vn -0.1004 0.3980 0.9119
vn 0.5653 0.4006 0.7211
vn -0.7429 0.5384 -0.3978
vn -0.9353 0.3378 -0.1058
vn -0.9361 0.2472 0.2502
vn 0.7560 0.1628 -0.6340
vn 0.9501 0.3116 0.0137
vn 0.9640 0.2655 0.0178
vn 0.7733 0.0969 -0.6266
vn 0.3936 -0.8464 0.3586
vn 0.4018 -0.8529 0.3335
vn -0.4216 -0.8407 0.3399
vn -0.5348 -0.7873 0.3069
vn -0.6157 -0.0918 -0.7826
vn 0.0476 -0.0222 -0.9986
vn 0.0599 -0.0513 -0.9969
vn -0.6056 -0.0554 -0.7938
vn 0.7676 0.2574 -0.5870
vn 0.8743 0.1164 -0.4713
vn 0.9461 -0.1650 -0.2789
vn -0.8021 0.2179 0.5560
vn -0.9949 0.0440 -0.0913
vn -0.9529 -0.3025 0.0203
vn -0.7774 -0.1449 0.6121
vn -0.9168 -0.3610 -0.1707
vn -0.9017 -0.4121 -0.1311
vn -0.7912 -0.4749 0.3853
vn -0.8708 -0.4807 0.1027
vn 0.5804 0.3570 0.7319
vn -0.0911 0.3589 0.9289
vn -0.0356 0.0039 0.9994
vn 0.5751 0.0043 0.8181
vn 0.7837 0.0406 -0.6198
vn 0.9765 0.2136 0.0303
vn 0.9856 -0.1439 0.0885
vn 0.8102 -0.3011 -0.5029
vn 0.8235 0.4589 0.3336
vn 0.9726 0.1275 0.1942
vn 0.6618 0.5583 0.5004
vn 0.6941 0.0703 -0.7165
vn 0.9255 0.3191 -0.2042
vn 0.9446 0.3132 -0.0986
vn 0.7147 0.1723 -0.6779
vn -0.6015 -0.1018 -0.7924
vn 0.0700 -0.1028 -0.9922
vn 0.0684 -0.4504 -0.8902
vn -0.5421 -0.4510 -0.7090
vn -0.0563 0.9442 -0.3246
vn -0.1319 0.9442 0.3019
vn 0.4769 0.7948 0.3754
vn 0.5525 0.7948 -0.2512
vn -0.0316 -0.2546 -0.9665
vn 0.0182 -0.1537 -0.9879
vn -0.6008 -0.3373 -0.7247
vn -0.6678 -0.3629 -0.6499
vn -0.9865 -0.1541 0.0551
vn -0.9546 -0.2679 0.1304
vn -0.9715 0.2292 0.0606
vn -0.9846 0.1748 0.0053
vn -0.4117 0.1542 -0.8982
vn 0.1489 0.1542 -0.9768
vn 0.1597 -0.4064 -0.8996
vn -0.4009 -0.4064 -0.8211
vn 0.4180 0.8503 -0.3197
vn -0.1944 0.9766 -0.0921
vn 0.0098 0.8490 0.5283
vn 0.6223 0.7227 0.3006
vn -0.2112 0.7953 0.5682
vn 0.1766 0.4156 0.8923
vn 0.6510 0.5682 0.5034
vn 0.2632 0.9479 0.1793
vn 0.9579 -0.2657 0.1085
vn 0.9234 0.0718 -0.3771
vn 0.9802 -0.0340 -0.1951
vn -0.3025 -0.9528 0.0240
vn 0.2667 -0.9528 -0.1448
vn 0.4303 -0.8059 0.4067
vn -0.1389 -0.8059 0.5755
vn -0.8844 0.1418 0.4446
vn -0.9754 0.1161 0.1873
vn -0.9619 -0.0232 0.2724
vn -0.8082 0.1645 0.5654
vn 0.8850 0.4360 0.1635
vn 0.8704 0.4460 0.2085
vn 0.8928 0.0619 0.4461
vn 0.8975 0.2786 0.3419
vn 0.9759 -0.0306 -0.2162
vn 0.9814 -0.0284 0.1899
vn 0.9984 0.0315 -0.0467
vn 0.9483 -0.1062 -0.2991
vn -0.1564 -0.3761 0.9133
vn 0.5949 -0.0496 0.8023
vn 0.4348 -0.4481 0.7811
vn -0.4119 -0.6610 0.6272
vn -0.7560 0.4731 0.4524
vn -0.9965 -0.0829 0.0056
vn -0.9834 -0.1801 0.0204
vn -0.8362 0.5248 0.1593
vn 0.2496 0.8848 0.3936
vn 0.0112 0.7991 0.6011
vn -0.6875 0.6602 0.3024
vn -0.4951 0.8420 0.2144
vn 0.5117 0.1196 0.8508
vn -0.3761 0.2150 0.9013
vn -0.1305 0.2937 0.9469
vn 0.7225 0.1983 0.6623
vn -0.1042 0.7594 0.6423
vn -0.2374 0.9290 0.2839
vn 0.3897 0.8921 0.2287
vn 0.5125 0.7529 0.4128
vn -0.7180 0.3492 -0.6021
vn -0.9970 0.0153 -0.0761
vn -0.9553 0.1908 -0.2259
vn -0.5518 0.1927 -0.8114
vn 0.5297 0.3733 -0.7616
vn 0.0526 0.4441 -0.8944
vn 0.2317 0.0130 -0.9727
vn 0.7231 0.0551 -0.6886
vn -0.3351 -0.8868 -0.3184
vn 0.3119 -0.7743 -0.5506
vn 0.0791 -0.7733 -0.6291
vn -0.4963 -0.7909 -0.3579
vn 0.2342 0.6506 -0.7224
vn -0.4482 0.6161 -0.6477
vn -0.1641 0.5373 -0.8272
vn 0.3885 0.4541 -0.8017
vn -0.7200 -0.3844 0.5778
vn -0.9102 -0.4103 -0.0556
vn -0.9144 -0.4041 -0.0246
vn -0.6984 -0.3305 0.6348
vn -0.6781 -0.4434 -0.5862
vn -0.0499 -0.4338 -0.8996
vn -0.0574 -0.3612 -0.9307
vn -0.6865 -0.4267 -0.5888
vn 0.7008 -0.1402 -0.6995
vn 0.9682 0.2003 -0.1501
vn 0.9514 0.2574 -0.1692
vn 0.6921 -0.0475 -0.7203
vn 0.6625 0.4895 0.5670
vn 0.0349 0.4906 0.8707
vn -0.0010 0.5799 0.8147
vn 0.6159 0.5645 0.5496
vn -0.7131 0.2042 0.6707
vn -0.9804 -0.1521 0.1251
vn -0.9878 -0.1289 0.0869
vn -0.7278 0.3067 0.6134
vn -0.6771 -0.4477 -0.5840
vn -0.0466 -0.4477 -0.8929
vn 0.7027 -0.1590 -0.6934
vn 0.9715 0.1875 -0.1450
vn 0.6700 0.4762 0.5694
vn 0.0395 0.4762 0.8784
vn -0.7099 0.1875 0.6789
vn -0.9786 -0.1590 0.1305
vn 0.7028 -0.1590 -0.6934
vn -0.0466 -0.4477 -0.8930
vn -0.6243 -0.5776 -0.5260
vn 0.0013 -0.5959 -0.8031
vn -0.0396 -0.4689 -0.8824
vn -0.6705 -0.4670 -0.5765
vn 0.7244 -0.2656 -0.6362
vn 0.9780 0.1063 -0.1796
vn 0.9728 0.1776 -0.1487
vn 0.7066 -0.1723 -0.6863
vn 0.7351 0.3985 0.5485
vn 0.0145 0.3995 0.9166
vn 0.0392 0.4651 0.8844
vn 0.6782 0.4650 0.5691
vn -0.7435 0.1854 0.6425
vn -0.9740 -0.1204 0.1920
vn -0.9782 -0.1554 0.1376
vn -0.7143 0.1881 0.6741
vn 0.2661 -0.8439 0.4659
vn -0.4281 -0.8515 0.3029
vn -0.4583 -0.8343 0.3064
vn 0.3061 -0.7576 0.5765
vn -0.9456 -0.3198 -0.0596
vn -0.8871 0.3282 -0.3244
vn -0.8934 0.4043 -0.1959
vn -0.9496 -0.3041 -0.0757
vn -0.2663 0.8651 -0.4251
vn 0.4211 0.8617 -0.2833
vn 0.3978 0.9109 -0.1098
vn -0.2837 0.9370 -0.2037
vn 0.9434 0.3262 0.0592
vn 0.8883 -0.3046 0.3438
vn 0.8999 -0.1884 0.3932
vn 0.9192 0.3766 0.1150
vn 0.2629 -0.8536 0.4497
vn -0.4238 -0.8536 0.3029
vn -0.9454 -0.3209 -0.0564
vn -0.8846 0.3182 -0.3408
vn -0.2617 0.8509 -0.4555
vn 0.4250 0.8509 -0.3087
vn 0.9467 0.3182 0.0506
vn 0.8859 -0.3209 0.3350
vn 0.9467 0.3183 0.0506
vn -0.8846 0.3183 -0.3408
vn 0.3288 -0.8225 0.4641
vn -0.5265 -0.7653 0.3702
vn -0.4347 -0.8426 0.3178
vn 0.2664 -0.8507 0.4531
vn -0.9822 -0.1875 0.0090
vn -0.8538 0.3525 -0.3832
vn -0.8822 0.3225 -0.3431
vn -0.9515 -0.3050 -0.0412
vn -0.1704 0.7644 -0.6218
vn 0.4713 0.7196 -0.5100
vn 0.4319 0.8371 -0.3357
vn -0.2516 0.8424 -0.4766
vn 0.9640 0.2388 -0.1170
vn 0.9296 -0.2930 0.2236
vn 0.8921 -0.3179 0.3209
vn 0.9507 0.3089 0.0293
vn 0.2137 -0.4130 -0.8853
vn 0.7739 -0.4187 -0.4751
vn 0.7683 -0.3376 -0.5438
vn 0.2463 -0.2910 -0.9245
vn 0.9470 -0.1344 0.2918
vn 0.5898 0.2061 0.7808
vn 0.6333 0.3262 0.7018
vn 0.9603 -0.0413 0.2759
vn -0.1866 0.4886 0.8523
vn -0.7618 0.4728 0.4429
vn -0.7760 0.4774 0.4121
vn -0.1320 0.6016 0.7878
vn -0.9315 0.1914 -0.3094
vn -0.5638 -0.1297 -0.8156
vn -0.5389 -0.0132 -0.8423
vn -0.9404 0.1972 -0.2772
vn 0.2064 -0.4311 -0.8784
vn 0.7735 -0.4311 -0.4645
vn 0.9440 -0.1492 0.2944
vn 0.5814 0.1892 0.7913
vn -0.1934 0.4712 0.8606
vn -0.7605 0.4712 0.4467
vn -0.9310 0.1892 -0.3122
vn -0.5684 -0.1492 -0.8091
vn 0.2071 -0.4189 -0.8841
vn 0.7720 -0.4290 -0.4690
vn 0.7734 -0.4308 -0.4650
vn 0.2066 -0.4294 -0.8792
vn 0.9436 -0.1452 0.2977
vn 0.5809 0.2051 0.7877
vn 0.5814 0.1913 0.7908
vn 0.9439 -0.1487 0.2948
vn -0.1843 0.4858 0.8544
vn -0.7556 0.4763 0.4497
vn -0.7600 0.4719 0.4470
vn -0.1923 0.4732 0.8597
vn -0.9301 0.1890 -0.3150
vn -0.5617 -0.1413 -0.8152
vn -0.5675 -0.1479 -0.8100
vn -0.9309 0.1892 -0.3125
vn 0.2921 -0.1210 -0.9487
vn 0.8159 -0.2658 -0.5135
vn 0.7741 -0.4057 -0.4860
vn 0.2171 -0.3657 -0.9050
vn 0.9101 -0.2333 0.3425
vn 0.4856 -0.0402 0.8732
vn 0.5648 0.2000 0.8006
vn 0.9381 -0.1491 0.3126
vn -0.2615 0.2099 0.9421
vn -0.7922 0.3333 0.5111
vn -0.7504 0.4664 0.4683
vn -0.1773 0.4725 0.8633
vn -0.8905 0.2976 -0.3441
vn -0.4601 0.1262 -0.8789
vn -0.5384 -0.0986 -0.8369
vn -0.9234 0.2020 -0.3264
vn 0.4680 0.4226 -0.7761
vn 0.9126 0.0398 -0.4070
vn 0.8807 -0.0470 -0.4713
vn 0.4094 0.2559 -0.8757
vn 0.8448 -0.4441 0.2986
vn 0.3029 -0.6165 0.7268
vn 0.3477 -0.4585 0.8178
vn 0.8632 -0.3816 0.3306
vn -0.4661 -0.4155 0.7811
vn -0.9000 0.0125 0.4356
vn -0.8670 0.1035 0.4875
vn -0.4073 -0.2481 0.8789
vn -0.8218 0.5037 -0.2664
vn -0.2967 0.6313 -0.7165
vn -0.3411 0.4748 -0.8113
vn -0.8385 0.4458 -0.3133
vn 0.4953 0.4644 -0.7342
vn 0.9265 0.0448 -0.3735
vn 0.9234 0.0458 -0.3810
vn 0.4884 0.4553 -0.7445
vn 0.8467 -0.4478 0.2873
vn 0.3193 -0.6185 0.7180
vn 0.3123 -0.6269 0.7138
vn 0.8455 -0.4495 0.2884
vn -0.4776 -0.4089 0.7776
vn -0.9078 0.0140 0.4192
vn -0.9073 0.0094 0.4205
vn -0.4779 -0.4204 0.7713
vn -0.8274 0.5071 -0.2412
vn -0.3010 0.6746 -0.6741
vn -0.2988 0.6651 -0.6844
vn -0.8253 0.5080 -0.2466
vn 0.4965 0.4664 -0.7321
vn 0.9270 0.0449 -0.3724
vn 0.8469 -0.4476 0.2871
vn 0.3203 -0.6170 0.7188
vn -0.4773 -0.4069 0.7788
vn -0.9078 0.0146 0.4192
vn -0.9078 0.0147 0.4192
vn -0.4773 -0.4069 0.7789
vn -0.8277 0.5071 -0.2403
vn -0.3011 0.6765 -0.6720
vn -0.3011 0.6765 -0.6721
vn -0.9078 0.0147 0.4191
vn 0.5617 0.6604 -0.4983
vn 0.9391 0.2909 -0.1830
vn 0.9340 0.0715 -0.3500
vn 0.5038 0.4928 -0.7095
vn 0.8596 -0.1976 0.4712
vn 0.3980 -0.3461 0.8496
vn 0.3278 -0.5887 0.7389
vn 0.8542 -0.4194 0.3074
vn -0.3931 -0.1377 0.9091
vn -0.7705 0.2318 0.5938
vn -0.8974 0.0420 0.4392
vn -0.4672 -0.3793 0.7987
vn -0.6910 0.7203 -0.0603
vn -0.2294 0.8688 -0.4388
vn -0.2912 0.7022 -0.6497
vn -0.8176 0.5329 -0.2182
vn 0.4107 -0.8683 0.2783
vn -0.2851 -0.8713 0.3995
vn -0.3256 -0.8689 0.3729
vn 0.4117 -0.8591 0.3040
vn -0.8954 -0.3227 0.3067
vn -0.9369 0.3370 0.0927
vn -0.9499 0.3010 0.0841
vn -0.9192 -0.3235 0.2247
vn -0.3947 0.9010 -0.1802
vn 0.2962 0.9061 -0.3022
vn 0.3074 0.9489 -0.0716
vn -0.3948 0.9186 -0.0189
vn 0.9104 0.3433 -0.2308
vn 0.9488 -0.3155 -0.0167
vn 0.9500 -0.3080 0.0523
vn 0.9498 0.3056 -0.0671
vn 0.4099 -0.8705 0.2725
vn -0.2792 -0.8705 0.4054
vn -0.8905 -0.3192 0.3243
vn -0.9349 0.3423 0.0941
vn -0.3976 0.8936 -0.2085
vn 0.2915 0.8936 -0.3414
vn 0.9028 0.3423 -0.2603
vn 0.9472 -0.3192 -0.0301
vn 0.4074 -0.8684 0.2828
vn -0.2753 -0.8653 0.4188
vn -0.2787 -0.8697 0.4074
vn 0.4097 -0.8701 0.2740
vn -0.8877 -0.3213 0.3297
vn -0.9339 0.3451 0.0936
vn -0.9348 0.3426 0.0941
vn -0.8901 -0.3194 0.3251
vn -0.3885 0.9002 -0.1967
vn 0.2936 0.9005 -0.3207
vn 0.2919 0.8945 -0.3387
vn -0.3966 0.8944 -0.2069
vn 0.9010 0.3513 -0.2545
vn 0.9473 -0.3191 -0.0302
vn 0.9027 0.3433 -0.2595
vn 0.4540 -0.7153 0.5312
vn -0.1960 -0.6805 0.7060
vn -0.2604 -0.8399 0.4763
vn 0.4071 -0.8508 0.3323
vn -0.8332 -0.2218 0.5066
vn -0.9371 0.3445 0.0564
vn -0.9322 0.3511 0.0875
vn -0.8763 -0.3166 0.3632
vn -0.4282 0.7808 -0.4550
vn 0.2214 0.7514 -0.6215
vn 0.2874 0.8984 -0.3321
vn -0.3745 0.9014 -0.2173
vn 0.8535 0.2839 -0.4371
vn 0.9576 -0.2881 0.0054
vn 0.9486 -0.3156 -0.0246
vn 0.8906 0.3639 -0.2729
vn 0.5881 -0.2550 0.7676
vn -0.0372 -0.1418 0.9892
vn -0.0874 -0.3375 0.9373
vn 0.5372 -0.4196 0.7317
vn -0.7343 0.1105 0.6698
vn -0.9572 0.2894 0.0013
vn -0.9503 0.3109 0.0159
vn -0.7593 -0.0109 0.6507
vn -0.5824 0.2867 -0.7607
vn 0.0391 0.1486 -0.9881
vn 0.0885 0.3410 -0.9359
vn -0.5317 0.4485 -0.7184
vn 0.7533 -0.0570 -0.6552
vn 0.9773 -0.2104 0.0255
vn 0.9711 -0.2364 0.0312
vn 0.7796 0.0608 -0.6233
vn 0.6190 -0.2072 0.7575
vn -0.0260 -0.0753 0.9968
vn -0.0285 -0.0917 0.9954
vn 0.6111 -0.2177 0.7611
vn -0.7427 0.1497 0.6527
vn -0.9583 0.2857 -0.0019
vn -0.9583 0.2858 -0.0013
vn -0.7397 0.1414 0.6579
vn -0.5996 0.2852 -0.7477
vn 0.0452 0.1513 -0.9875
vn 0.0405 0.1379 -0.9896
vn -0.5978 0.2759 -0.7526
vn 0.7630 -0.0699 -0.6426
vn 0.9789 -0.2040 0.0125
vn 0.9786 -0.2050 0.0160
vn 0.7591 -0.0728 -0.6469
vn 0.6203 -0.2050 0.7571
vn -0.0254 -0.0718 0.9971
vn -0.7430 0.1512 0.6520
vn -0.9583 0.2857 -0.0020
vn -0.7429 0.1512 0.6520
vn -0.5997 0.2869 -0.7470
vn 0.0460 0.1537 -0.9870
vn 0.7636 -0.0693 -0.6420
vn 0.9789 -0.2038 0.0121
vn -0.7429 0.1512 0.6521
vn -0.5997 0.2869 -0.7471
vn 0.6382 0.0853 0.7652
vn 0.0686 0.2027 0.9768
vn -0.0179 -0.0398 0.9990
vn 0.6275 -0.1729 0.7592
vn -0.6473 0.4253 0.6325
vn -0.8373 0.5439 0.0556
vn -0.9484 0.3170 0.0014
vn -0.7332 0.1825 0.6551
vn -0.4795 0.5451 -0.6878
vn 0.0901 0.4276 -0.8995
vn 0.0544 0.1851 -0.9812
vn -0.5909 0.3181 -0.7413
vn 0.8061 0.2051 -0.5552
vn 0.9960 0.0864 0.0217
vn 0.9850 -0.1717 0.0165
vn 0.7698 -0.0373 -0.6373
vn -0.3319 -0.9347 0.1269
vn 0.3668 -0.9297 0.0338
vn 0.4185 -0.9023 -0.1038
vn -0.3256 -0.9440 -0.0536
vn 0.9327 -0.3396 -0.1212
vn 0.9137 0.3400 -0.2227
vn 0.8746 0.3095 -0.3732
vn 0.9369 -0.2538 -0.2406
vn 0.3205 0.9183 -0.2324
vn -0.3772 0.9185 -0.1184
vn -0.4479 0.8685 -0.2125
vn 0.2780 0.8519 -0.4439
vn -0.9403 0.3343 0.0636
vn -0.9246 -0.3516 0.1467
vn -0.9270 -0.3683 0.0716
vn -0.9641 0.2542 0.0767
vn -0.3326 -0.9300 0.1564
vn 0.3628 -0.9300 0.0589
vn 0.3627 -0.9300 0.0589
vn 0.9310 -0.3505 -0.1020
vn 0.9176 0.3449 -0.1977
vn 0.3270 0.9244 -0.1962
vn -0.3683 0.9244 -0.0987
vn -0.9366 0.3449 0.0622
vn -0.9232 -0.3505 0.1579
vn -0.3353 -0.9201 -0.2025
vn 0.2667 -0.9201 -0.2868
vn 0.3570 -0.9339 0.0180
vn -0.3383 -0.9339 0.1154
vn 0.8236 -0.3521 -0.4446
vn 0.8120 0.2500 -0.5274
vn 0.9101 0.3392 -0.2381
vn 0.9235 -0.3562 -0.1425
vn 0.2332 0.8179 -0.5259
vn -0.3688 0.8179 -0.4416
vn -0.3740 0.9169 -0.1392
vn 0.3213 0.9169 -0.2367
vn -0.9257 0.2500 -0.2838
vn -0.9141 -0.3521 -0.2010
vn -0.9271 -0.3562 0.1169
vn -0.9405 0.3392 0.0212
vn 0.9563 -0.1688 -0.2388
vn 0.8775 -0.1716 0.4478
vn 0.9215 -0.1080 0.3729
vn 0.9667 -0.0985 -0.2360
vn 0.2438 -0.0342 0.9692
vn -0.4451 0.1175 0.8877
vn -0.4775 0.1073 0.8721
vn 0.3148 0.0272 0.9488
vn -0.9357 0.2557 0.2432
vn -0.8474 0.2785 -0.4520
vn -0.8121 0.3949 -0.4296
vn -0.9357 0.2375 0.2609
vn -0.2113 0.1518 -0.9656
vn 0.4589 -0.0141 -0.8884
vn 0.4394 0.1582 -0.8843
vn -0.1745 0.3213 -0.9308
vn 0.9534 -0.1847 -0.2384
vn 0.8694 -0.1847 0.4583
vn 0.2352 -0.0463 0.9708
vn -0.4417 0.1197 0.8892
vn -0.9357 0.2581 0.2405
vn -0.8516 0.2581 -0.4562
vn -0.2175 0.1197 -0.9687
vn 0.4594 -0.0463 -0.8870
vn 0.9736 0.1230 -0.1923
vn 0.8999 0.1230 0.4184
vn 0.8758 -0.1497 0.4589
vn 0.9598 -0.1497 -0.2374
vn 0.2709 0.2602 0.9268
vn -0.3225 0.4058 0.8552
vn -0.4329 0.1542 0.8881
vn 0.2437 -0.0118 0.9698
vn -0.8125 0.5431 0.2118
vn -0.7388 0.5431 -0.3990
vn -0.8413 0.2922 -0.4548
vn -0.9253 0.2922 0.2416
vn -0.1098 0.4058 -0.9073
vn 0.4836 0.2602 -0.8357
vn 0.4674 -0.0118 -0.8840
vn -0.2092 0.1542 -0.9656
s 0
usemtl Batang
f 59//1 280//1 828//1 418//1
f 280//2 60//2 419//2 828//2
f 828//3 419//3 56//3 413//3
f 418//4 828//4 413//4 55//4
f 58//5 294//5 829//5 417//5
f 294//6 59//6 418//6 829//6
f 829//7 418//7 55//7 411//7
f 417//8 829//8 411//8 54//8
f 57//9 293//9 830//9 416//9
f 293//10 58//10 417//10 830//10
f 830//11 417//11 54//11 409//11
f 416//12 830//12 409//12 53//12
f 56//13 415//13 831//13 414//13
f 415//14 53//14 408//14 831//14
f 831//14 408//14 49//14 407//14
f 414//13 831//13 407//13 52//13
f 55//15 413//15 832//15 412//15
f 413//16 56//16 414//16 832//16
f 832//16 414//16 52//16 405//16
f 412//15 832//15 405//15 51//15
f 54//17 411//17 833//17 410//17
f 411//18 55//18 412//18 833//18
f 833//18 412//18 51//18 403//18
f 410//17 833//17 403//17 50//17
f 53//19 409//19 834//19 408//19
f 409//20 54//20 410//20 834//20
f 834//20 410//20 50//20 401//20
f 408//19 834//19 401//19 49//19
f 52//13 407//13 835//13 406//13
f 407//14 49//14 400//14 835//14
f 835//14 400//14 45//14 399//14
f 406//13 835//13 399//13 48//13
f 51//15 405//15 836//15 404//15
f 405//16 52//16 406//16 836//16
f 836//16 406//16 48//16 397//16
f 404//15 836//15 397//15 47//15
f 50//17 403//17 837//17 402//17
f 403//18 51//18 404//18 837//18
f 837//18 404//18 47//18 395//18
f 402//17 837//17 395//17 46//17
f 49//19 401//19 838//19 400//19
f 401//20 50//20 402//20 838//20
f 838//20 402//20 46//20 393//20
f 400//19 838//19 393//19 45//19
f 48//13 399//13 839//13 398//13
f 399//14 45//14 392//14 839//14
f 839//14 392//14 41//14 391//14
f 398//13 839//13 391//13 44//13
f 47//15 397//15 840//15 396//15
f 397//16 48//16 398//16 840//16
f 840//16 398//16 44//16 389//16
f 396//15 840//15 389//15 43//15
f 46//17 395//17 841//17 394//17
f 395//18 47//18 396//18 841//18
f 841//18 396//18 43//18 387//18
f 394//17 841//17 387//17 42//17
f 45//19 393//19 842//19 392//19
f 393//20 46//20 394//20 842//20
f 842//20 394//20 42//20 385//20
f 392//19 842//19 385//19 41//19
f 44//21 391//21 843//21 390//21
f 391//22 41//22 384//22 843//22
f 843//23 384//23 37//23 383//23
f 390//24 843//24 383//24 40//24
f 43//25 389//25 844//25 388//25
f 389//26 44//26 390//26 844//26
f 844//27 390//27 40//27 381//27
f 388//28 844//28 381//28 39//28
f 177//29 358//29 845//29 342//29
f 358//30 113//30 360//30 845//30
f 845//31 360//31 118//31 348//31
f 342//32 845//32 348//32 180//32
f 42//33 387//33 846//33 386//33
f 387//34 43//34 388//34 846//34
f 846//35 388//35 39//35 379//35
f 386//36 846//36 379//36 38//36
f 41//37 385//37 847//37 384//37
f 385//38 42//38 386//38 847//38
f 847//39 386//39 38//39 377//39
f 384//40 847//40 377//40 37//40
f 224//41 316//41 848//41 315//41
f 221//42 317//42 848//42 316//42
f 89//43 315//43 848//43 317//43
f 40//44 383//44 849//44 382//44
f 383//45 37//45 376//45 849//45
f 849//46 376//46 5//46 375//46
f 382//47 849//47 375//47 8//47
f 39//48 381//48 850//48 380//48
f 381//49 40//49 382//49 850//49
f 850//50 382//50 8//50 373//50
f 380//51 850//51 373//51 7//51
f 222//52 321//52 851//52 320//52
f 91//53 307//53 851//53 321//53
f 90//54 320//54 851//54 307//54
f 38//55 379//55 852//55 378//55
f 379//56 39//56 380//56 852//56
f 852//57 380//57 7//57 371//57
f 378//58 852//58 371//58 6//58
f 37//59 377//59 853//59 376//59
f 377//60 38//60 378//60 853//60
f 853//61 378//61 6//61 369//61
f 376//62 853//62 369//62 5//62
f 8//63 375//63 854//63 374//63
f 375//64 5//64 368//64 854//64
f 854//65 368//65 33//65 367//65
f 374//66 854//66 367//66 36//66
f 7//67 373//67 855//67 372//67
f 373//68 8//68 374//68 855//68
f 855//69 374//69 36//69 365//69
f 372//70 855//70 365//70 35//70
f 248//71 328//71 856//71 326//71
f 224//72 314//72 856//72 328//72
f 247//73 326//73 856//73 314//73
f 6//74 371//74 857//74 370//74
f 371//75 7//75 372//75 857//75
f 857//76 372//76 35//76 363//76
f 370//77 857//77 363//77 34//77
f 113//78 358//78 858//78 356//78
f 358//79 177//79 341//79 858//79
f 858//80 341//80 178//80 347//80
f 356//81 858//81 347//81 114//81
f 5//82 369//82 859//82 368//82
f 369//83 6//83 370//83 859//83
f 859//84 370//84 34//84 361//84
f 368//85 859//85 361//85 33//85
f 223//86 333//86 860//86 331//86
f 245//87 322//87 860//87 333//87
f 222//88 331//88 860//88 322//88
f 36//89 367//89 861//89 366//89
f 367//90 33//90 334//90 861//90
f 861//91 334//91 1//91 359//91
f 366//92 861//92 359//92 4//92
f 61//93 291//93 862//93 290//93
f 291//94 57//94 287//94 862//94
f 862//95 287//95 60//95 277//95
f 290//96 862//96 277//96 94//96
f 35//97 365//97 863//97 364//97
f 365//98 36//98 366//98 863//98
f 863//99 366//99 4//99 340//99
f 364//100 863//100 340//100 3//100
f 34//101 363//101 864//101 362//101
f 363//102 35//102 364//102 864//102
f 864//103 364//103 3//103 352//103
f 362//104 864//104 352//104 2//104
f 180//105 348//105 865//105 346//105
f 118//106 349//106 865//106 348//106
f 119//107 346//107 865//107 349//107
f 62//108 306//108 866//108 304//108
f 306//109 63//109 296//109 866//109
f 866//110 296//110 59//110 294//110
f 304//111 866//111 294//111 58//111
f 33//112 361//112 867//112 334//112
f 361//113 34//113 362//113 867//113
f 867//114 362//114 2//114 357//114
f 334//115 867//115 357//115 1//115
f 32//116 278//116 868//116 282//116
f 278//117 31//117 355//117 868//117
f 868//118 355//118 30//118 343//118
f 282//119 868//119 343//119 29//119
f 62//120 304//120 869//120 302//120
f 304//121 58//121 293//121 869//121
f 869//122 293//122 57//122 291//122
f 302//123 869//123 291//123 61//123
f 114//124 347//124 870//124 339//124
f 347//125 178//125 345//125 870//125
f 870//126 345//126 179//126 292//126
f 339//127 870//127 292//127 120//127
f 28//128 295//128 871//128 299//128
f 295//129 27//129 289//129 871//129
f 871//130 289//130 26//130 288//130
f 299//131 871//131 288//131 25//131
f 24//132 313//132 872//132 318//132
f 313//133 23//133 310//133 872//133
f 872//134 310//134 22//134 303//134
f 318//135 872//135 303//135 21//135
f 16//136 332//136 873//136 337//136
f 332//137 15//137 329//137 873//137
f 873//138 329//138 14//138 323//138
f 337//139 873//139 323//139 13//139
f 113//140 354//140 874//140 360//140
f 116//141 351//141 874//141 354//141
f 118//142 360//142 874//142 351//142
f 1//143 357//143 875//143 359//143
f 357//144 2//144 352//144 875//144
f 875//145 352//145 3//145 340//145
f 359//146 875//146 340//146 4//146
f 247//147 314//147 876//147 312//147
f 314//148 224//148 315//148 876//148
f 876//149 315//149 89//149 285//149
f 312//150 876//150 285//150 92//150
f 63//151 297//151 877//151 296//151
f 297//152 96//152 283//152 877//152
f 877//153 283//153 93//153 281//153
f 296//154 877//154 281//154 59//154
f 245//155 324//155 878//155 322//155
f 324//156 246//156 309//156 878//156
f 878//157 309//157 91//157 321//157
f 322//158 878//158 321//158 222//158
f 60//159 280//159 879//159 277//159
f 280//160 59//160 281//160 879//160
f 879//161 281//161 93//161 279//161
f 277//162 879//162 279//162 94//162
f 64//163 301//163 880//163 300//163
f 301//164 61//164 290//164 880//164
f 880//165 290//165 94//165 286//165
f 300//166 880//166 286//166 95//166
f 180//167 346//167 881//167 344//167
f 346//168 119//168 327//168 881//168
f 881//169 327//169 120//169 292//169
f 344//170 881//170 292//170 179//170
f 246//171 311//171 882//171 309//171
f 311//172 247//172 312//172 882//172
f 882//173 312//173 92//173 308//173
f 309//174 882//174 308//174 91//174
f 64//175 300//175 883//175 298//175
f 300//176 95//176 284//176 883//176
f 883//177 284//177 96//177 297//177
f 298//178 883//178 297//178 63//178
f 115//179 338//179 884//179 336//179
f 338//180 114//180 339//180 884//180
f 884//181 339//181 120//181 335//181
f 336//182 884//182 335//182 117//182
f 116//183 353//183 885//183 351//183
f 353//184 115//184 336//184 885//184
f 885//185 336//185 117//185 350//185
f 351//186 885//186 350//186 118//186
f 221//187 319//187 886//187 317//187
f 319//188 222//188 320//188 886//188
f 886//189 320//189 90//189 305//189
f 317//190 886//190 305//190 89//190
f 223//191 330//191 887//191 333//191
f 330//192 224//192 328//192 887//192
f 887//193 328//193 248//193 325//193
f 333//194 887//194 325//194 245//194
f 60//195 287//195 888//195 419//195
f 287//196 57//196 416//196 888//196
f 888//197 416//197 53//197 415//197
f 419//198 888//198 415//198 56//198
f 65//199 421//199 889//199 420//199
f 421//200 66//200 422//200 889//200
f 889//201 422//201 62//201 302//201
f 420//202 889//202 302//202 61//202
f 66//203 423//203 890//203 422//203
f 423//204 67//204 424//204 890//204
f 890//205 424//205 63//205 306//205
f 422//206 890//206 306//206 62//206
f 67//207 425//207 891//207 424//207
f 425//208 68//208 426//208 891//208
f 891//209 426//209 64//209 298//209
f 424//210 891//210 298//210 63//210
f 68//211 427//211 892//211 426//211
f 427//212 65//212 420//212 892//212
f 892//213 420//213 61//213 301//213
f 426//214 892//214 301//214 64//214
f 69//215 429//215 893//215 428//215
f 429//216 70//216 430//216 893//216
f 893//216 430//216 66//216 421//216
f 428//215 893//215 421//215 65//215
f 70//217 431//217 894//217 430//217
f 431//218 71//218 432//218 894//218
f 894//218 432//218 67//218 423//218
f 430//217 894//217 423//217 66//217
f 71//219 433//219 895//219 432//219
f 433//220 72//220 434//220 895//220
f 895//220 434//220 68//220 425//220
f 432//219 895//219 425//219 67//219
f 72//221 435//221 896//221 434//221
f 435//222 69//222 428//222 896//222
f 896//222 428//222 65//222 427//222
f 434//221 896//221 427//221 68//221
f 73//215 437//215 897//215 436//215
f 437//216 74//216 438//216 897//216
f 897//216 438//216 70//216 429//216
f 436//215 897//215 429//215 69//215
f 74//217 439//217 898//217 438//217
f 439//218 75//218 440//218 898//218
f 898//218 440//218 71//218 431//218
f 438//217 898//217 431//217 70//217
f 75//219 441//219 899//219 440//219
f 441//220 76//220 442//220 899//220
f 899//220 442//220 72//220 433//220
f 440//219 899//219 433//219 71//219
f 76//221 443//221 900//221 442//221
f 443//222 73//222 436//222 900//222
f 900//222 436//222 69//222 435//222
f 442//221 900//221 435//221 72//221
f 77//215 445//215 901//215 444//215
f 445//216 78//216 446//216 901//216
f 901//216 446//216 74//216 437//216
f 444//215 901//215 437//215 73//215
f 78//217 447//217 902//217 446//217
f 447//218 79//218 448//218 902//218
f 902//218 448//218 75//218 439//218
f 446//223 902//223 439//223 74//223
f 79//219 449//219 903//219 448//219
f 449//220 80//220 450//220 903//220
f 903//220 450//220 76//220 441//220
f 448//219 903//219 441//219 75//219
f 80//221 451//221 904//221 450//221
f 451//222 77//222 444//222 904//222
f 904//222 444//222 73//222 443//222
f 450//221 904//221 443//221 76//221
f 81//215 453//215 905//215 452//215
f 453//224 82//224 454//224 905//224
f 905//216 454//216 78//216 445//216
f 452//215 905//215 445//215 77//215
f 82//217 455//217 906//217 454//217
f 455//218 83//218 456//218 906//218
f 906//218 456//218 79//218 447//218
f 454//217 906//217 447//217 78//217
f 83//219 457//219 907//219 456//219
f 457//220 84//220 458//220 907//220
f 907//220 458//220 80//220 449//220
f 456//219 907//219 449//219 79//219
f 84//221 459//221 908//221 458//221
f 459//222 81//222 452//222 908//222
f 908//222 452//222 77//222 451//222
f 458//221 908//221 451//221 80//221
f 85//215 461//215 909//215 460//215
f 461//216 86//216 462//216 909//216
f 909//216 462//216 82//216 453//216
f 460//215 909//215 453//215 81//215
f 86//217 463//217 910//217 462//217
f 463//218 87//218 464//218 910//218
f 910//218 464//218 83//218 455//218
f 462//217 910//217 455//217 82//217
f 87//219 465//219 911//219 464//219
f 465//220 88//220 466//220 911//220
f 911//220 466//220 84//220 457//220
f 464//219 911//219 457//219 83//219
f 88//221 467//221 912//221 466//221
f 467//222 85//222 460//222 912//222
f 912//222 460//222 81//222 459//222
f 466//221 912//221 459//221 84//221
f 89//225 305//225 913//225 468//225
f 305//226 90//226 469//226 913//226
f 913//227 469//227 86//227 461//227
f 468//228 913//228 461//228 85//228
f 90//229 307//229 914//229 469//229
f 307//230 91//230 470//230 914//230
f 914//231 470//231 87//231 463//231
f 469//232 914//232 463//232 86//232
f 91//233 308//233 915//233 470//233
f 308//234 92//234 471//234 915//234
f 915//235 471//235 88//235 465//235
f 470//236 915//236 465//236 87//236
f 92//237 285//237 916//237 471//237
f 285//238 89//238 468//238 916//238
f 916//239 468//239 85//239 467//239
f 471//240 916//240 467//240 88//240
f 97//241 473//241 917//241 472//241
f 473//242 98//242 474//242 917//242
f 917//243 474//243 94//243 279//243
f 472//244 917//244 279//244 93//244
f 98//245 475//245 918//245 474//245
f 475//246 99//246 476//246 918//246
f 918//247 476//247 95//247 286//247
f 474//248 918//248 286//248 94//248
f 99//249 477//249 919//249 476//249
f 477//250 100//250 478//250 919//250
f 919//251 478//251 96//251 284//251
f 476//252 919//252 284//252 95//252
f 100//253 479//253 920//253 478//253
f 479//254 97//254 472//254 920//254
f 920//255 472//255 93//255 283//255
f 478//256 920//256 283//256 96//256
f 101//257 481//257 921//257 480//257
f 481//258 102//258 482//258 921//258
f 921//258 482//258 98//258 473//258
f 480//257 921//257 473//257 97//257
f 102//259 483//259 922//259 482//259
f 483//260 103//260 484//260 922//260
f 922//260 484//260 99//260 475//260
f 482//259 922//259 475//259 98//259
f 103//261 485//261 923//261 484//261
f 485//262 104//262 486//262 923//262
f 923//262 486//262 100//262 477//262
f 484//261 923//261 477//261 99//261
f 104//263 487//263 924//263 486//263
f 487//264 101//264 480//264 924//264
f 924//264 480//264 97//264 479//264
f 486//265 924//265 479//265 100//265
f 105//257 489//257 925//257 488//257
f 489//258 106//258 490//258 925//258
f 925//258 490//258 102//258 481//258
f 488//257 925//257 481//257 101//257
f 106//259 491//259 926//259 490//259
f 491//260 107//260 492//260 926//260
f 926//260 492//260 103//260 483//260
f 490//259 926//259 483//259 102//259
f 107//261 493//261 927//261 492//261
f 493//262 108//262 494//262 927//262
f 927//262 494//262 104//262 485//262
f 492//261 927//261 485//261 103//261
f 108//263 495//263 928//263 494//263
f 495//264 105//264 488//264 928//264
f 928//264 488//264 101//264 487//264
f 494//263 928//263 487//263 104//263
f 109//257 497//257 929//257 496//257
f 497//258 110//258 498//258 929//258
f 929//258 498//258 106//258 489//258
f 496//257 929//257 489//257 105//257
f 110//259 499//259 930//259 498//259
f 499//260 111//260 500//260 930//260
f 930//266 500//266 107//266 491//266
f 498//259 930//259 491//259 106//259
f 111//261 501//261 931//261 500//261
f 501//262 112//262 502//262 931//262
f 931//262 502//262 108//262 493//262
f 500//261 931//261 493//261 107//261
f 112//265 503//265 932//265 502//265
f 503//264 109//264 496//264 932//264
f 932//264 496//264 105//264 495//264
f 502//263 932//263 495//263 108//263
f 113//267 356//267 933//267 504//267
f 356//268 114//268 505//268 933//268
f 933//269 505//269 110//269 497//269
f 504//270 933//270 497//270 109//270
f 114//271 338//271 934//271 505//271
f 338//272 115//272 506//272 934//272
f 934//273 506//273 111//273 499//273
f 505//274 934//274 499//274 110//274
f 115//275 353//275 935//275 506//275
f 353//276 116//276 507//276 935//276
f 935//277 507//277 112//277 501//277
f 506//278 935//278 501//278 111//278
f 116//279 354//279 936//279 507//279
f 354//280 113//280 504//280 936//280
f 936//281 504//281 109//281 503//281
f 507//282 936//282 503//282 112//282
f 121//283 509//283 937//283 508//283
f 509//284 122//284 510//284 937//284
f 937//285 510//285 118//285 350//285
f 508//286 937//286 350//286 117//286
f 122//287 511//287 938//287 510//287
f 511//288 123//288 512//288 938//288
f 938//289 512//289 119//289 349//289
f 510//290 938//290 349//290 118//290
f 123//291 513//291 939//291 512//291
f 513//292 124//292 514//292 939//292
f 939//293 514//293 120//293 327//293
f 512//294 939//294 327//294 119//294
f 124//295 515//295 940//295 514//295
f 515//296 121//296 508//296 940//296
f 940//297 508//297 117//297 335//297
f 514//298 940//298 335//298 120//298
f 125//299 517//299 941//299 516//299
f 517//300 126//300 518//300 941//300
f 941//300 518//300 122//300 509//300
f 516//299 941//299 509//299 121//299
f 126//301 519//301 942//301 518//301
f 519//302 127//302 520//302 942//302
f 942//302 520//302 123//302 511//302
f 518//301 942//301 511//301 122//301
f 127//303 521//303 943//303 520//303
f 521//304 128//304 522//304 943//304
f 943//304 522//304 124//304 513//304
f 520//303 943//303 513//303 123//303
f 128//305 523//305 944//305 522//305
f 523//306 125//306 516//306 944//306
f 944//306 516//306 121//306 515//306
f 522//305 944//305 515//305 124//305
f 129//299 525//299 945//299 524//299
f 525//300 130//300 526//300 945//300
f 945//300 526//300 126//300 517//300
f 524//299 945//299 517//299 125//299
f 130//301 527//301 946//301 526//301
f 527//302 131//302 528//302 946//302
f 946//302 528//302 127//302 519//302
f 526//301 946//301 519//301 126//301
f 131//303 529//303 947//303 528//303
f 529//304 132//304 530//304 947//304
f 947//304 530//304 128//304 521//304
f 528//303 947//303 521//303 127//303
f 132//305 531//305 948//305 530//305
f 531//306 129//306 524//306 948//306
f 948//306 524//306 125//306 523//306
f 530//305 948//305 523//305 128//305
f 133//299 533//299 949//299 532//299
f 533//300 134//300 534//300 949//300
f 949//300 534//300 130//300 525//300
f 532//299 949//299 525//299 129//299
f 134//301 535//301 950//301 534//301
f 535//302 135//302 536//302 950//302
f 950//302 536//302 131//302 527//302
f 534//301 950//301 527//301 130//301
f 135//303 537//303 951//303 536//303
f 537//304 136//304 538//304 951//304
f 951//304 538//304 132//304 529//304
f 536//303 951//303 529//303 131//303
f 136//305 539//305 952//305 538//305
f 539//306 133//306 532//306 952//306
f 952//306 532//306 129//306 531//306
f 538//305 952//305 531//305 132//305
f 137//299 541//299 953//299 540//299
f 541//300 138//300 542//300 953//300
f 953//300 542//300 134//300 533//300
f 540//299 953//299 533//299 133//299
f 138//301 543//301 954//301 542//301
f 543//302 139//302 544//302 954//302
f 954//302 544//302 135//302 535//302
f 542//301 954//301 535//301 134//301
f 139//303 545//303 955//303 544//303
f 545//304 140//304 546//304 955//304
f 955//304 546//304 136//304 537//304
f 544//303 955//303 537//303 135//303
f 140//305 547//305 956//305 546//305
f 547//306 137//306 540//306 956//306
f 956//306 540//306 133//306 539//306
f 546//305 956//305 539//305 136//305
f 141//299 549//299 957//299 548//299
f 549//300 142//300 550//300 957//300
f 957//300 550//300 138//300 541//300
f 548//299 957//299 541//299 137//299
f 142//301 551//301 958//301 550//301
f 551//302 143//302 552//302 958//302
f 958//302 552//302 139//302 543//302
f 550//301 958//301 543//301 138//301
f 143//303 553//303 959//303 552//303
f 553//304 144//304 554//304 959//304
f 959//304 554//304 140//304 545//304
f 552//303 959//303 545//303 139//303
f 144//305 555//305 960//305 554//305
f 555//306 141//306 548//306 960//306
f 960//306 548//306 137//306 547//306
f 554//305 960//305 547//305 140//305
f 145//307 557//307 961//307 556//307
f 557//308 146//308 558//308 961//308
f 961//309 558//309 142//309 549//309
f 556//310 961//310 549//310 141//310
f 146//311 559//311 962//311 558//311
f 559//312 147//312 560//312 962//312
f 962//313 560//313 143//313 551//313
f 558//314 962//314 551//314 142//314
f 147//315 561//315 963//315 560//315
f 561//316 148//316 562//316 963//316
f 963//317 562//317 144//317 553//317
f 560//318 963//318 553//318 143//318
f 148//319 563//319 964//319 562//319
f 563//320 145//320 556//320 964//320
f 964//321 556//321 141//321 555//321
f 562//322 964//322 555//322 144//322
f 9//323 565//323 965//323 564//323
f 565//324 10//324 566//324 965//324
f 965//325 566//325 146//325 557//325
f 564//326 965//326 557//326 145//326
f 10//327 567//327 966//327 566//327
f 567//328 11//328 568//328 966//328
f 966//329 568//329 147//329 559//329
f 566//330 966//330 559//330 146//330
f 11//331 569//331 967//331 568//331
f 569//332 12//332 570//332 967//332
f 967//333 570//333 148//333 561//333
f 568//334 967//334 561//334 147//334
f 12//335 571//335 968//335 570//335
f 571//336 9//336 564//336 968//336
f 968//337 564//337 145//337 563//337
f 570//338 968//338 563//338 148//338
f 149//339 573//339 969//339 572//339
f 573//340 150//340 574//340 969//340
f 969//341 574//341 10//341 565//341
f 572//342 969//342 565//342 9//342
f 150//343 575//343 970//343 574//343
f 575//344 151//344 576//344 970//344
f 970//345 576//345 11//345 567//345
f 574//346 970//346 567//346 10//346
f 151//347 577//347 971//347 576//347
f 577//348 152//348 578//348 971//348
f 971//349 578//349 12//349 569//349
f 576//350 971//350 569//350 11//350
f 152//351 579//351 972//351 578//351
f 579//352 149//352 572//352 972//352
f 972//353 572//353 9//353 571//353
f 578//354 972//354 571//354 12//354
f 153//355 581//355 973//355 580//355
f 581//356 154//356 582//356 973//356
f 973//357 582//357 150//357 573//357
f 580//358 973//358 573//358 149//358
f 154//359 583//359 974//359 582//359
f 583//360 155//360 584//360 974//360
f 974//361 584//361 151//361 575//361
f 582//362 974//362 575//362 150//362
f 155//363 585//363 975//363 584//363
f 585//364 156//364 586//364 975//364
f 975//365 586//365 152//365 577//365
f 584//366 975//366 577//366 151//366
f 156//367 587//367 976//367 586//367
f 587//368 153//368 580//368 976//368
f 976//369 580//369 149//369 579//369
f 586//370 976//370 579//370 152//370
f 157//371 589//371 977//371 588//371
f 589//372 158//372 590//372 977//372
f 977//372 590//372 154//372 581//372
f 588//371 977//371 581//371 153//371
f 158//373 591//373 978//373 590//373
f 591//374 159//374 592//374 978//374
f 978//374 592//374 155//374 583//374
f 590//373 978//373 583//373 154//373
f 159//375 593//375 979//375 592//375
f 593//376 160//376 594//376 979//376
f 979//377 594//377 156//377 585//377
f 592//378 979//378 585//378 155//378
f 160//379 595//379 980//379 594//379
f 595//380 157//380 588//380 980//380
f 980//380 588//380 153//380 587//380
f 594//379 980//379 587//379 156//379
f 161//371 597//371 981//371 596//371
f 597//372 162//372 598//372 981//372
f 981//372 598//372 158//372 589//372
f 596//371 981//371 589//371 157//371
f 162//373 599//373 982//373 598//373
f 599//374 163//374 600//374 982//374
f 982//374 600//374 159//374 591//374
f 598//373 982//373 591//373 158//373
f 163//378 601//378 983//378 600//378
f 601//376 164//376 602//376 983//376
f 983//376 602//376 160//376 593//376
f 600//378 983//378 593//378 159//378
f 164//379 603//379 984//379 602//379
f 603//381 161//381 596//381 984//381
f 984//380 596//380 157//380 595//380
f 602//379 984//379 595//379 160//379
f 165//371 605//371 985//371 604//371
f 605//372 166//372 606//372 985//372
f 985//372 606//372 162//372 597//372
f 604//371 985//371 597//371 161//371
f 166//373 607//373 986//373 606//373
f 607//374 167//374 608//374 986//374
f 986//374 608//374 163//374 599//374
f 606//373 986//373 599//373 162//373
f 167//375 609//375 987//375 608//375
f 609//377 168//377 610//377 987//377
f 987//377 610//377 164//377 601//377
f 608//378 987//378 601//378 163//378
f 168//379 611//379 988//379 610//379
f 611//380 165//380 604//380 988//380
f 988//381 604//381 161//381 603//381
f 610//379 988//379 603//379 164//379
f 169//371 613//371 989//371 612//371
f 613//372 170//372 614//372 989//372
f 989//372 614//372 166//372 605//372
f 612//371 989//371 605//371 165//371
f 170//373 615//373 990//373 614//373
f 615//374 171//374 616//374 990//374
f 990//374 616//374 167//374 607//374
f 614//373 990//373 607//373 166//373
f 171//378 617//378 991//378 616//378
f 617//382 172//382 618//382 991//382
f 991//377 618//377 168//377 609//377
f 616//375 991//375 609//375 167//375
f 172//379 619//379 992//379 618//379
f 619//381 169//381 612//381 992//381
f 992//380 612//380 165//380 611//380
f 618//379 992//379 611//379 168//379
f 173//371 621//371 993//371 620//371
f 621//372 174//372 622//372 993//372
f 993//372 622//372 170//372 613//372
f 620//371 993//371 613//371 169//371
f 174//373 623//373 994//373 622//373
f 623//374 175//374 624//374 994//374
f 994//374 624//374 171//374 615//374
f 622//373 994//373 615//373 170//373
f 175//375 625//375 995//375 624//375
f 625//377 176//377 626//377 995//377
f 995//376 626//376 172//376 617//376
f 624//378 995//378 617//378 171//378
f 176//379 627//379 996//379 626//379
f 627//381 173//381 620//381 996//381
f 996//380 620//380 169//380 619//380
f 626//379 996//379 619//379 172//379
f 13//383 323//383 997//383 628//383
f 323//384 14//384 629//384 997//384
f 997//385 629//385 174//385 621//385
f 628//386 997//386 621//386 173//386
f 14//387 329//387 998//387 629//387
f 329//388 15//388 630//388 998//388
f 998//389 630//389 175//389 623//389
f 629//390 998//390 623//390 174//390
f 15//391 332//391 999//391 630//391
f 332//392 16//392 631//392 999//392
f 999//393 631//393 176//393 625//393
f 630//394 999//394 625//394 175//394
f 16//395 337//395 1000//395 631//395
f 337//396 13//396 628//396 1000//396
f 1000//397 628//397 173//397 627//397
f 631//398 1000//398 627//398 176//398
f 181//399 633//399 1001//399 632//399
f 633//400 182//400 634//400 1001//400
f 1001//401 634//401 178//401 341//401
f 632//402 1001//402 341//402 177//402
f 182//403 635//403 1002//403 634//403
f 635//404 183//404 636//404 1002//404
f 1002//405 636//405 179//405 345//405
f 634//406 1002//406 345//406 178//406
f 183//407 637//407 1003//407 636//407
f 637//408 184//408 638//408 1003//408
f 1003//409 638//409 180//409 344//409
f 636//410 1003//410 344//410 179//410
f 184//411 639//411 1004//411 638//411
f 639//412 181//412 632//412 1004//412
f 1004//413 632//413 177//413 342//413
f 638//414 1004//414 342//414 180//414
f 185//415 641//415 1005//415 640//415
f 641//416 186//416 642//416 1005//416
f 1005//416 642//416 182//416 633//416
f 640//415 1005//415 633//415 181//415
f 186//417 643//417 1006//417 642//417
f 643//418 187//418 644//418 1006//418
f 1006//418 644//418 183//418 635//418
f 642//417 1006//417 635//417 182//417
f 187//419 645//419 1007//419 644//419
f 645//420 188//420 646//420 1007//420
f 1007//420 646//420 184//420 637//420
f 644//419 1007//419 637//419 183//419
f 188//421 647//421 1008//421 646//421
f 647//422 185//422 640//422 1008//422
f 1008//422 640//422 181//422 639//422
f 646//421 1008//421 639//421 184//421
f 189//415 649//415 1009//415 648//415
f 649//416 190//416 650//416 1009//416
f 1009//416 650//416 186//416 641//416
f 648//415 1009//415 641//415 185//415
f 190//417 651//417 1010//417 650//417
f 651//418 191//418 652//418 1010//418
f 1010//418 652//418 187//418 643//418
f 650//417 1010//417 643//417 186//417
f 191//419 653//419 1011//419 652//419
f 653//420 192//420 654//420 1011//420
f 1011//420 654//420 188//420 645//420
f 652//419 1011//419 645//419 187//419
f 192//421 655//421 1012//421 654//421
f 655//422 189//422 648//422 1012//422
f 1012//422 648//422 185//422 647//422
f 654//421 1012//421 647//421 188//421
f 193//423 657//423 1013//423 656//423
f 657//424 194//424 658//424 1013//424
f 1013//425 658//425 190//425 649//425
f 656//426 1013//426 649//426 189//426
f 194//427 659//427 1014//427 658//427
f 659//428 195//428 660//428 1014//428
f 1014//429 660//429 191//429 651//429
f 658//430 1014//430 651//430 190//430
f 195//431 661//431 1015//431 660//431
f 661//432 196//432 662//432 1015//432
f 1015//433 662//433 192//433 653//433
f 660//434 1015//434 653//434 191//434
f 196//435 663//435 1016//435 662//435
f 663//436 193//436 656//436 1016//436
f 1016//422 656//422 189//422 655//422
f 662//437 1016//437 655//437 192//437
f 17//438 665//438 1017//438 664//438
f 665//439 18//439 666//439 1017//439
f 1017//440 666//440 194//440 657//440
f 664//441 1017//441 657//441 193//441
f 18//442 667//442 1018//442 666//442
f 667//443 19//443 668//443 1018//443
f 1018//444 668//444 195//444 659//444
f 666//445 1018//445 659//445 194//445
f 19//446 669//446 1019//446 668//446
f 669//447 20//447 670//447 1019//447
f 1019//448 670//448 196//448 661//448
f 668//449 1019//449 661//449 195//449
f 20//450 671//450 1020//450 670//450
f 671//451 17//451 664//451 1020//451
f 1020//452 664//452 193//452 663//452
f 670//453 1020//453 663//453 196//453
f 197//454 673//454 1021//454 672//454
f 673//455 198//455 674//455 1021//455
f 1021//456 674//456 18//456 665//456
f 672//457 1021//457 665//457 17//457
f 198//458 675//458 1022//458 674//458
f 675//459 199//459 676//459 1022//459
f 1022//460 676//460 19//460 667//460
f 674//461 1022//461 667//461 18//461
f 199//462 677//462 1023//462 676//462
f 677//463 200//463 678//463 1023//463
f 1023//464 678//464 20//464 669//464
f 676//465 1023//465 669//465 19//465
f 200//466 679//466 1024//466 678//466
f 679//467 197//467 672//467 1024//467
f 1024//468 672//468 17//468 671//468
f 678//469 1024//469 671//469 20//469
f 201//470 681//470 1025//470 680//470
f 681//471 202//471 682//471 1025//471
f 1025//472 682//472 198//472 673//472
f 680//473 1025//473 673//473 197//473
f 202//474 683//474 1026//474 682//474
f 683//475 203//475 684//475 1026//475
f 1026//476 684//476 199//476 675//476
f 682//477 1026//477 675//477 198//477
f 203//478 685//478 1027//478 684//478
f 685//479 204//479 686//479 1027//479
f 1027//480 686//480 200//480 677//480
f 684//481 1027//481 677//481 199//481
f 204//482 687//482 1028//482 686//482
f 687//483 201//483 680//483 1028//483
f 1028//484 680//484 197//484 679//484
f 686//485 1028//485 679//485 200//485
f 205//486 689//486 1029//486 688//486
f 689//487 206//487 690//487 1029//487
f 1029//487 690//487 202//487 681//487
f 688//486 1029//486 681//486 201//486
f 206//488 691//488 1030//488 690//488
f 691//489 207//489 692//489 1030//489
f 1030//489 692//489 203//489 683//489
f 690//490 1030//490 683//490 202//490
f 207//491 693//491 1031//491 692//491
f 693//492 208//492 694//492 1031//492
f 1031//492 694//492 204//492 685//492
f 692//491 1031//491 685//491 203//491
f 208//493 695//493 1032//493 694//493
f 695//494 205//494 688//494 1032//494
f 1032//494 688//494 201//494 687//494
f 694//493 1032//493 687//493 204//493
f 209//486 697//486 1033//486 696//486
f 697//487 210//487 698//487 1033//487
f 1033//487 698//487 206//487 689//487
f 696//486 1033//486 689//486 205//486
f 210//490 699//490 1034//490 698//490
f 699//489 211//489 700//489 1034//489
f 1034//489 700//489 207//489 691//489
f 698//495 1034//495 691//495 206//495
f 211//496 701//496 1035//496 700//496
f 701//492 212//492 702//492 1035//492
f 1035//492 702//492 208//492 693//492
f 700//496 1035//496 693//496 207//496
f 212//493 703//493 1036//493 702//493
f 703//494 209//494 696//494 1036//494
f 1036//494 696//494 205//494 695//494
f 702//493 1036//493 695//493 208//493
f 213//486 705//486 1037//486 704//486
f 705//487 214//487 706//487 1037//487
f 1037//487 706//487 210//487 697//487
f 704//486 1037//486 697//486 209//486
f 214//490 707//490 1038//490 706//490
f 707//489 215//489 708//489 1038//489
f 1038//489 708//489 211//489 699//489
f 706//490 1038//490 699//490 210//490
f 215//491 709//491 1039//491 708//491
f 709//492 216//492 710//492 1039//492
f 1039//492 710//492 212//492 701//492
f 708//491 1039//491 701//491 211//491
f 216//493 711//493 1040//493 710//493
f 711//494 213//494 704//494 1040//494
f 1040//494 704//494 209//494 703//494
f 710//493 1040//493 703//493 212//493
f 217//486 713//486 1041//486 712//486
f 713//487 218//487 714//487 1041//487
f 1041//487 714//487 214//487 705//487
f 712//486 1041//486 705//486 213//486
f 218//490 715//490 1042//490 714//490
f 715//489 219//489 716//489 1042//489
f 1042//489 716//489 215//489 707//489
f 714//490 1042//490 707//490 214//490
f 219//491 717//491 1043//491 716//491
f 717//492 220//492 718//492 1043//492
f 1043//492 718//492 216//492 709//492
f 716//491 1043//491 709//491 215//491
f 220//493 719//493 1044//493 718//493
f 719//494 217//494 712//494 1044//494
f 1044//494 712//494 213//494 711//494
f 718//493 1044//493 711//493 216//493
f 21//497 303//497 1045//497 720//497
f 303//498 22//498 721//498 1045//498
f 1045//499 721//499 218//499 713//499
f 720//500 1045//500 713//500 217//500
f 22//501 310//501 1046//501 721//501
f 310//502 23//502 722//502 1046//502
f 1046//503 722//503 219//503 715//503
f 721//504 1046//504 715//504 218//504
f 23//505 313//505 1047//505 722//505
f 313//506 24//506 723//506 1047//506
f 1047//507 723//507 220//507 717//507
f 722//508 1047//508 717//508 219//508
f 24//509 318//509 1048//509 723//509
f 318//510 21//510 720//510 1048//510
f 1048//511 720//511 217//511 719//511
f 723//512 1048//512 719//512 220//512
f 225//513 725//513 1049//513 724//513
f 725//514 226//514 726//514 1049//514
f 1049//515 726//515 222//515 319//515
f 724//516 1049//516 319//516 221//516
f 226//517 727//517 1050//517 726//517
f 727//518 227//518 728//518 1050//518
f 1050//519 728//519 223//519 331//519
f 726//520 1050//520 331//520 222//520
f 227//521 729//521 1051//521 728//521
f 729//522 228//522 730//522 1051//522
f 1051//523 730//523 224//523 330//523
f 728//524 1051//524 330//524 223//524
f 228//525 731//525 1052//525 730//525
f 731//526 225//526 724//526 1052//526
f 1052//527 724//527 221//527 316//527
f 730//528 1052//528 316//528 224//528
f 229//529 733//529 1053//529 732//529
f 733//530 230//530 734//530 1053//530
f 1053//531 734//531 226//531 725//531
f 732//529 1053//529 725//529 225//529
f 230//532 735//532 1054//532 734//532
f 735//533 231//533 736//533 1054//533
f 1054//533 736//533 227//533 727//533
f 734//532 1054//532 727//532 226//532
f 231//534 737//534 1055//534 736//534
f 737//535 232//535 738//535 1055//535
f 1055//535 738//535 228//535 729//535
f 736//534 1055//534 729//534 227//534
f 232//536 739//536 1056//536 738//536
f 739//537 229//537 732//537 1056//537
f 1056//537 732//537 225//537 731//537
f 738//536 1056//536 731//536 228//536
f 233//529 741//529 1057//529 740//529
f 741//531 234//531 742//531 1057//531
f 1057//531 742//531 230//531 733//531
f 740//529 1057//529 733//529 229//529
f 234//532 743//532 1058//532 742//532
f 743//533 235//533 744//533 1058//533
f 1058//533 744//533 231//533 735//533
f 742//532 1058//532 735//532 230//532
f 235//534 745//534 1059//534 744//534
f 745//535 236//535 746//535 1059//535
f 1059//535 746//535 232//535 737//535
f 744//534 1059//534 737//534 231//534
f 236//536 747//536 1060//536 746//536
f 747//537 233//537 740//537 1060//537
f 1060//537 740//537 229//537 739//537
f 746//536 1060//536 739//536 232//536
f 237//529 749//529 1061//529 748//529
f 749//531 238//531 750//531 1061//531
f 1061//531 750//531 234//531 741//531
f 748//529 1061//529 741//529 233//529
f 238//532 751//532 1062//532 750//532
f 751//533 239//533 752//533 1062//533
f 1062//533 752//533 235//533 743//533
f 750//532 1062//532 743//532 234//532
f 239//534 753//534 1063//534 752//534
f 753//535 240//535 754//535 1063//535
f 1063//535 754//535 236//535 745//535
f 752//534 1063//534 745//534 235//534
f 240//536 755//536 1064//536 754//536
f 755//537 237//537 748//537 1064//537
f 1064//537 748//537 233//537 747//537
f 754//536 1064//536 747//536 236//536
f 241//529 757//529 1065//529 756//529
f 757//530 242//530 758//530 1065//530
f 1065//531 758//531 238//531 749//531
f 756//529 1065//529 749//529 237//529
f 242//532 759//532 1066//532 758//532
f 759//533 243//533 760//533 1066//533
f 1066//533 760//533 239//533 751//533
f 758//532 1066//532 751//532 238//532
f 243//534 761//534 1067//534 760//534
f 761//535 244//535 762//535 1067//535
f 1067//535 762//535 240//535 753//535
f 760//534 1067//534 753//534 239//534
f 244//536 763//536 1068//536 762//536
f 763//537 241//537 756//537 1068//537
f 1068//537 756//537 237//537 755//537
f 762//536 1068//536 755//536 240//536
f 25//538 288//538 1069//538 764//538
f 288//539 26//539 765//539 1069//539
f 1069//540 765//540 242//540 757//540
f 764//541 1069//541 757//541 241//541
f 26//542 289//542 1070//542 765//542
f 289//543 27//543 766//543 1070//543
f 1070//544 766//544 243//544 759//544
f 765//545 1070//545 759//545 242//545
f 27//546 295//546 1071//546 766//546
f 295//547 28//547 767//547 1071//547
f 1071//548 767//548 244//548 761//548
f 766//549 1071//549 761//549 243//549
f 28//550 299//550 1072//550 767//550
f 299//551 25//551 764//551 1072//551
f 1072//552 764//552 241//552 763//552
f 767//553 1072//553 763//553 244//553
f 249//554 769//554 1073//554 768//554
f 769//555 250//555 770//555 1073//555
f 1073//556 770//556 246//556 324//556
f 768//557 1073//557 324//557 245//557
f 250//558 771//558 1074//558 770//558
f 771//559 251//559 772//559 1074//559
f 1074//560 772//560 247//560 311//560
f 770//561 1074//561 311//561 246//561
f 251//562 773//562 1075//562 772//562
f 773//563 252//563 774//563 1075//563
f 1075//564 774//564 248//564 326//564
f 772//565 1075//565 326//565 247//565
f 252//566 775//566 1076//566 774//566
f 775//567 249//567 768//567 1076//567
f 1076//568 768//568 245//568 325//568
f 774//569 1076//569 325//569 248//569
f 253//570 777//570 1077//570 776//570
f 777//571 254//571 778//571 1077//571
f 1077//571 778//571 250//571 769//571
f 776//570 1077//570 769//570 249//570
f 254//572 779//572 1078//572 778//572
f 779//573 255//573 780//573 1078//573
f 1078//573 780//573 251//573 771//573
f 778//572 1078//572 771//572 250//572
f 255//574 781//574 1079//574 780//574
f 781//575 256//575 782//575 1079//575
f 1079//575 782//575 252//575 773//575
f 780//574 1079//574 773//574 251//574
f 256//576 783//576 1080//576 782//576
f 783//577 253//577 776//577 1080//577
f 1080//577 776//577 249//577 775//577
f 782//576 1080//576 775//576 252//576
f 257//570 785//570 1081//570 784//570
f 785//571 258//571 786//571 1081//571
f 1081//571 786//571 254//571 777//571
f 784//570 1081//570 777//570 253//570
f 258//572 787//572 1082//572 786//572
f 787//573 259//573 788//573 1082//573
f 1082//573 788//573 255//573 779//573
f 786//572 1082//572 779//572 254//572
f 259//574 789//574 1083//574 788//574
f 789//575 260//575 790//575 1083//575
f 1083//575 790//575 256//575 781//575
f 788//574 1083//574 781//574 255//574
f 260//576 791//576 1084//576 790//576
f 791//577 257//577 784//577 1084//577
f 1084//577 784//577 253//577 783//577
f 790//576 1084//576 783//576 256//576
f 261//570 793//570 1085//570 792//570
f 793//571 262//571 794//571 1085//571
f 1085//571 794//571 258//571 785//571
f 792//570 1085//570 785//570 257//570
f 262//572 795//572 1086//572 794//572
f 795//573 263//573 796//573 1086//573
f 1086//573 796//573 259//573 787//573
f 794//572 1086//572 787//572 258//572
f 263//574 797//574 1087//574 796//574
f 797//575 264//575 798//575 1087//575
f 1087//575 798//575 260//575 789//575
f 796//574 1087//574 789//574 259//574
f 264//576 799//576 1088//576 798//576
f 799//577 261//577 792//577 1088//577
f 1088//577 792//577 257//577 791//577
f 798//576 1088//576 791//576 260//576
f 265//570 801//570 1089//570 800//570
f 801//571 266//571 802//571 1089//571
f 1089//571 802//571 262//571 793//571
f 800//570 1089//570 793//570 261//570
f 266//572 803//572 1090//572 802//572
f 803//573 267//573 804//573 1090//573
f 1090//573 804//573 263//573 795//573
f 802//572 1090//572 795//572 262//572
f 267//574 805//574 1091//574 804//574
f 805//575 268//575 806//575 1091//575
f 1091//575 806//575 264//575 797//575
f 804//574 1091//574 797//574 263//574
f 268//576 807//576 1092//576 806//576
f 807//577 265//577 800//577 1092//577
f 1092//577 800//577 261//577 799//577
f 806//576 1092//576 799//576 264//576
f 269//570 809//570 1093//570 808//570
f 809//571 270//571 810//571 1093//571
f 1093//571 810//571 266//571 801//571
f 808//570 1093//570 801//570 265//570
f 270//572 811//572 1094//572 810//572
f 811//573 271//573 812//573 1094//573
f 1094//573 812//573 267//573 803//573
f 810//572 1094//572 803//572 266//572
f 271//574 813//574 1095//574 812//574
f 813//575 272//575 814//575 1095//575
f 1095//575 814//575 268//575 805//575
f 812//574 1095//574 805//574 267//574
f 272//576 815//576 1096//576 814//576
f 815//577 269//577 808//577 1096//577
f 1096//577 808//577 265//577 807//577
f 814//576 1096//576 807//576 268//576
f 273//570 817//570 1097//570 816//570
f 817//571 274//571 818//571 1097//571
f 1097//571 818//571 270//571 809//571
f 816//570 1097//570 809//570 269//570
f 274//572 819//572 1098//572 818//572
f 819//573 275//573 820//573 1098//573
f 1098//573 820//573 271//573 811//573
f 818//572 1098//572 811//572 270//572
f 275//574 821//574 1099//574 820//574
f 821//575 276//575 822//575 1099//575
f 1099//575 822//575 272//575 813//575
f 820//574 1099//574 813//574 271//574
f 276//576 823//576 1100//576 822//576
f 823//577 273//577 816//577 1100//577
f 1100//577 816//577 269//577 815//577
f 822//576 1100//576 815//576 272//576
f 29//578 343//578 1101//578 824//578
f 343//579 30//579 825//579 1101//579
f 1101//580 825//580 274//580 817//580
f 824//581 1101//581 817//581 273//581
f 30//582 355//582 1102//582 825//582
f 355//583 31//583 826//583 1102//583
f 1102//584 826//584 275//584 819//584
f 825//585 1102//585 819//585 274//585
f 31//586 278//586 1103//586 826//586
f 278//587 32//587 827//587 1103//587
f 1103//588 827//588 276//588 821//588
f 826//589 1103//589 821//589 275//589
f 32//590 282//590 1104//590 827//590
f 282//591 29//591 824//591 1104//591
f 1104//592 824//592 273//592 823//592
f 827//593 1104//593 823//593 276//593
o Icosphere
v -0.223143 1.040138 0.471330
v -0.057756 1.113516 0.607630
v -0.284088 1.094146 0.682715
v -0.427734 1.134300 0.495651
v -0.290177 1.178486 0.304954
v -0.061519 1.165641 0.374162
v -0.160133 1.253031 0.716191
v -0.388791 1.265876 0.646982
v -0.392554 1.318002 0.413515
v -0.166222 1.337372 0.338429
v -0.022577 1.297217 0.525494
v -0.227167 1.391379 0.549815
v -0.258612 1.041049 0.588689
v -0.125579 1.052435 0.544555
v -0.161400 1.084180 0.668804
v -0.030579 1.126204 0.487441
v -0.127791 1.083073 0.407327
v -0.343045 1.064651 0.478736
v -0.378868 1.096396 0.602984
v -0.262191 1.090623 0.366647
v -0.382447 1.145970 0.380943
v -0.167192 1.164392 0.309533
v -0.007687 1.203543 0.576392
v -0.009899 1.234181 0.439163
v -0.221576 1.166184 0.732616
v -0.088541 1.177570 0.688482
v -0.440411 1.197337 0.581981
v -0.355978 1.173735 0.691936
v -0.361769 1.253948 0.332663
v -0.442623 1.227975 0.444753
v -0.094332 1.257783 0.329208
v -0.228734 1.265333 0.288529
v -0.067863 1.285547 0.640202
v -0.283119 1.267125 0.711612
v -0.419732 1.305314 0.533703
v -0.288910 1.347338 0.352340
v -0.071442 1.335121 0.418160
v -0.188119 1.340894 0.654497
v -0.107265 1.366866 0.542409
v -0.322519 1.348445 0.613818
v -0.324732 1.379083 0.476590
v -0.191698 1.390468 0.432456
vn 0.0975 -0.9945 0.0372
vn 0.6353 -0.7698 0.0624
vn -0.2032 -0.9777 -0.0538
vn -0.2082 -0.9091 -0.3608
vn 0.0894 -0.8837 -0.4595
vn 0.8852 -0.4390 0.1538
vn 0.0429 -0.5938 0.8035
vn -0.8525 -0.4738 0.2208
vn -0.5635 -0.2449 -0.7890
vn 0.5105 -0.2233 -0.8304
vn 0.8096 -0.2693 0.5216
vn -0.2885 -0.3633 0.8859
vn -0.9855 -0.1684 -0.0217
vn -0.3181 0.0459 -0.9470
vn 0.7913 -0.0164 -0.6112
vn 0.3644 0.6101 0.7036
vn -0.4196 0.6076 0.6743
vn -0.6353 0.7698 -0.0624
vn 0.0155 0.8724 -0.4885
vn 0.6333 0.7737 -0.0151
vn 0.2032 0.9777 0.0538
vn 0.4039 0.9075 -0.1154
vn 0.3468 0.8538 -0.3882
vn -0.0975 0.9945 -0.0372
vn -0.1771 0.9401 -0.2912
vn -0.4359 0.8338 -0.3387
vn -0.2783 0.9364 0.2136
vn -0.5266 0.8278 0.1933
vn -0.6277 0.6658 0.4033
vn -0.0894 0.8837 0.4595
vn -0.1616 0.7258 0.6686
vn 0.0365 0.5820 0.8124
vn 0.2082 0.9091 0.3608
vn 0.4135 0.7750 0.4779
vn 0.6388 0.6982 0.3232
vn 0.8525 0.4738 -0.2208
vn 0.7747 0.3648 -0.5165
vn 0.5407 0.5610 -0.6269
vn -0.0429 0.5938 -0.8035
vn -0.3175 0.4262 -0.8471
vn -0.5342 0.5517 -0.6405
vn -0.8852 0.4390 -0.1538
vn -0.9745 0.2151 0.0637
vn -0.8771 0.3258 0.3530
vn -0.5105 0.2233 0.8304
vn -0.2884 0.0233 0.9572
vn -0.0141 0.1954 0.9806
vn 0.5635 0.2449 0.7890
vn 0.7926 0.1159 0.5986
vn 0.8621 0.3408 0.3750
vn 0.2885 0.3633 -0.8859
vn 0.2884 -0.0233 -0.9572
vn 0.0141 -0.1954 -0.9806
vn -0.8096 0.2693 -0.5216
vn -0.7926 -0.1159 -0.5986
vn -0.8621 -0.3408 -0.3750
vn -0.7913 0.0164 0.6112
vn -0.7747 -0.3648 0.5165
vn -0.5407 -0.5610 0.6269
vn 0.3181 -0.0459 0.9470
vn 0.3175 -0.4262 0.8471
vn 0.5342 -0.5517 0.6405
vn 0.9855 0.1684 0.0217
vn 0.9745 -0.2151 -0.0637
vn 0.8771 -0.3258 -0.3530
vn 0.4196 -0.6076 -0.6743
vn 0.1616 -0.7258 -0.6686
vn -0.0365 -0.5820 -0.8124
vn -0.3644 -0.6101 -0.7036
vn -0.4135 -0.7750 -0.4779
vn -0.6388 -0.6982 -0.3232
vn -0.6333 -0.7737 0.0151
vn -0.4039 -0.9075 0.1154
vn -0.3468 -0.8538 0.3882
vn 0.6277 -0.6658 -0.4033
vn 0.5266 -0.8278 -0.1933
vn 0.2783 -0.9364 -0.2136
vn -0.0155 -0.8724 0.4885
vn 0.1771 -0.9401 0.2912
vn 0.4359 -0.8338 0.3387
vt 0.181819 0.000000
vt 0.227273 0.078731
vt 0.136365 0.078731
vt 0.272728 0.157461
vt 0.318182 0.078731
vt 0.363637 0.157461
vt 0.909091 0.000000
vt 0.954545 0.078731
vt 0.863636 0.078731
vt 0.727273 0.000000
vt 0.772727 0.078731
vt 0.681818 0.078731
vt 0.545455 0.000000
vt 0.590909 0.078731
vt 0.500000 0.078731
vt 0.318182 0.236191
vt 0.090910 0.157461
vt 0.181819 0.157461
vt 0.136365 0.236191
vt 0.818182 0.157461
vt 0.909091 0.157461
vt 0.863636 0.236191
vt 0.636364 0.157461
vt 0.727273 0.157461
vt 0.681818 0.236191
vt 0.454546 0.157461
vt 0.545455 0.157461
vt 0.500000 0.236191
vt 0.227273 0.236191
vt 0.045455 0.236191
vt 0.772727 0.236191
vt 0.590909 0.236191
vt 0.409092 0.236191
vt 0.181819 0.314921
vt 0.272728 0.314921
vt 0.227273 0.393651
vt 0.000000 0.314921
vt 0.090910 0.314921
vt 0.045455 0.393651
vt 0.727273 0.314921
vt 0.818182 0.314921
vt 0.772727 0.393651
vt 0.545455 0.314921
vt 0.636364 0.314921
vt 0.590909 0.393651
vt 0.363637 0.314921
vt 0.454546 0.314921
vt 0.409092 0.393651
vt 0.500000 0.393651
vt 0.454546 0.472382
vt 0.681818 0.393651
vt 0.636364 0.472382
vt 0.863636 0.393651
vt 0.818182 0.472382
vt 0.909091 0.314921
vt 0.136365 0.393651
vt 0.090910 0.472382
vt 0.318182 0.393651
vt 0.272728 0.472382
vt 0.954545 0.236191
vt 1.000000 0.157461
vt 0.409092 0.078731
vt 0.363637 0.000000
s 0
usemtl Daun
f 1105/1/594 1118/2/594 1117/3/594
f 1106/4/595 1118/5/595 1120/6/595
f 1105/7/596 1117/8/596 1122/9/596
f 1105/10/597 1122/11/597 1124/12/597
f 1105/13/598 1124/14/598 1121/15/598
f 1106/4/599 1120/6/599 1127/16/599
f 1107/17/600 1119/18/600 1129/19/600
f 1108/20/601 1123/21/601 1131/22/601
f 1109/23/602 1125/24/602 1133/25/602
f 1110/26/603 1126/27/603 1135/28/603
f 1106/4/604 1127/16/604 1130/29/604
f 1107/17/605 1129/19/605 1132/30/605
f 1108/20/606 1131/22/606 1134/31/606
f 1109/23/607 1133/25/607 1136/32/607
f 1110/26/608 1135/28/608 1128/33/608
f 1111/34/609 1137/35/609 1142/36/609
f 1112/37/610 1138/38/610 1144/39/610
f 1113/40/611 1139/41/611 1145/42/611
f 1114/43/612 1140/44/612 1146/45/612
f 1115/46/613 1141/47/613 1143/48/613
f 1143/48/614 1146/49/614 1116/50/614
f 1143/48/615 1141/47/615 1146/49/615
f 1141/47/616 1114/43/616 1146/49/616
f 1146/45/617 1145/51/617 1116/52/617
f 1146/45/618 1140/44/618 1145/51/618
f 1140/44/619 1113/40/619 1145/51/619
f 1145/42/620 1144/53/620 1116/54/620
f 1145/42/621 1139/41/621 1144/53/621
f 1139/41/622 1112/55/622 1144/53/622
f 1144/39/623 1142/56/623 1116/57/623
f 1144/39/624 1138/38/624 1142/56/624
f 1138/38/625 1111/34/625 1142/56/625
f 1142/36/626 1143/58/626 1116/59/626
f 1142/36/627 1137/35/627 1143/58/627
f 1137/35/628 1115/46/628 1143/58/628
f 1128/33/629 1141/47/629 1115/46/629
f 1128/33/630 1135/28/630 1141/47/630
f 1135/28/631 1114/43/631 1141/47/631
f 1136/32/632 1140/44/632 1114/43/632
f 1136/32/633 1133/25/633 1140/44/633
f 1133/25/634 1113/40/634 1140/44/634
f 1134/31/635 1139/41/635 1113/40/635
f 1134/31/636 1131/22/636 1139/41/636
f 1131/22/637 1112/55/637 1139/41/637
f 1132/30/638 1138/38/638 1112/37/638
f 1132/30/639 1129/19/639 1138/38/639
f 1129/19/640 1111/34/640 1138/38/640
f 1130/29/641 1137/35/641 1111/34/641
f 1130/29/642 1127/16/642 1137/35/642
f 1127/16/643 1115/46/643 1137/35/643
f 1135/28/644 1136/32/644 1114/43/644
f 1135/28/645 1126/27/645 1136/32/645
f 1126/27/646 1109/23/646 1136/32/646
f 1133/25/647 1134/31/647 1113/40/647
f 1133/25/648 1125/24/648 1134/31/648
f 1125/24/649 1108/20/649 1134/31/649
f 1131/22/650 1132/60/650 1112/55/650
f 1131/22/651 1123/21/651 1132/60/651
f 1123/21/652 1107/61/652 1132/60/652
f 1129/19/653 1130/29/653 1111/34/653
f 1129/19/654 1119/18/654 1130/29/654
f 1119/18/655 1106/4/655 1130/29/655
f 1127/16/656 1128/33/656 1115/46/656
f 1127/16/657 1120/6/657 1128/33/657
f 1120/6/658 1110/26/658 1128/33/658
f 1121/15/659 1126/27/659 1110/26/659
f 1121/15/660 1124/14/660 1126/27/660
f 1124/14/661 1109/23/661 1126/27/661
f 1124/12/662 1125/24/662 1109/23/662
f 1124/12/663 1122/11/663 1125/24/663
f 1122/11/664 1108/20/664 1125/24/664
f 1122/9/665 1123/21/665 1108/20/665
f 1122/9/666 1117/8/666 1123/21/666
f 1117/8/667 1107/61/667 1123/21/667
f 1120/6/668 1121/62/668 1110/26/668
f 1120/6/669 1118/5/669 1121/62/669
f 1118/5/670 1105/63/670 1121/62/670
f 1117/3/671 1119/18/671 1107/17/671
f 1117/3/672 1118/2/672 1119/18/672
f 1118/2/673 1106/4/673 1119/18/673
o Icosphere.001
v -0.260711 1.226984 -0.203218
v -0.113325 1.374045 -0.116184
v -0.337215 1.357894 -0.036082
v -0.476122 1.292506 -0.218383
v -0.338078 1.268245 -0.411151
v -0.113859 1.318640 -0.347987
v -0.237648 1.530460 -0.077558
v -0.461868 1.480065 -0.140723
v -0.462401 1.424659 -0.372526
v -0.238512 1.440810 -0.452627
v -0.099605 1.506198 -0.270327
v -0.315015 1.571720 -0.285492
v -0.300912 1.273668 -0.097756
v -0.169314 1.283162 -0.144839
v -0.214281 1.360109 -0.046599
v -0.082996 1.337036 -0.229931
v -0.169627 1.250595 -0.281088
v -0.382559 1.235234 -0.204909
v -0.427528 1.312181 -0.106670
v -0.301419 1.220974 -0.318215
v -0.428035 1.259487 -0.327129
v -0.215102 1.274848 -0.403309
v -0.074617 1.447280 -0.184284
v -0.074930 1.414713 -0.320534
v -0.287356 1.452047 -0.023894
v -0.155756 1.461540 -0.070976
v -0.500797 1.383991 -0.168176
v -0.419150 1.422426 -0.061021
v -0.419971 1.337164 -0.417733
v -0.501110 1.351425 -0.304426
v -0.156577 1.376279 -0.427689
v -0.288371 1.346658 -0.464815
v -0.147692 1.539218 -0.161581
v -0.360625 1.523857 -0.085401
v -0.492731 1.461669 -0.258778
v -0.361446 1.438596 -0.442111
v -0.148199 1.486523 -0.382040
v -0.274307 1.577730 -0.170495
v -0.193167 1.563470 -0.283800
v -0.406099 1.548110 -0.207622
v -0.406413 1.515543 -0.343871
v -0.274815 1.525036 -0.390953
vn 0.2282 -0.8551 0.4655
vn 0.7294 -0.5691 0.3796
vn -0.0677 -0.9216 0.3822
vn -0.0684 -0.9947 0.0762
vn 0.2271 -0.9734 -0.0295
vn 0.9286 -0.2000 0.3127
vn 0.0870 -0.1731 0.9811
vn -0.7901 -0.4447 0.4220
vn -0.4906 -0.6395 -0.5919
vn 0.5716 -0.4883 -0.6595
vn 0.8149 0.1002 0.5709
vn -0.2756 0.0215 0.9610
vn -0.9521 -0.2969 0.0732
vn -0.2798 -0.4151 -0.8657
vn 0.8123 -0.1697 -0.5581
vn 0.2483 0.8995 0.3596
vn -0.5263 0.7751 0.3496
vn -0.7294 0.5691 -0.3796
vn -0.0804 0.5661 -0.8204
vn 0.5239 0.7703 -0.3636
vn 0.0677 0.9216 -0.3822
vn 0.2832 0.8137 -0.5077
vn 0.2458 0.6394 -0.7285
vn -0.2282 0.8551 -0.4655
vn -0.2887 0.6851 -0.6688
vn -0.5286 0.5338 -0.6600
vn -0.4104 0.8871 -0.2111
vn -0.6408 0.7470 -0.1771
vn -0.7284 0.6800 0.0845
vn -0.2271 0.9734 0.0295
vn -0.2865 0.9138 0.2879
vn -0.0774 0.8760 0.4761
vn 0.0684 0.9947 -0.0762
vn 0.2846 0.9550 0.0836
vn 0.5247 0.8509 -0.0264
vn 0.7901 0.4447 -0.4220
vn 0.7405 0.2083 -0.6389
vn 0.4874 0.3022 -0.8192
vn -0.0870 0.1731 -0.9811
vn -0.3345 -0.0333 -0.9418
vn -0.5749 0.1379 -0.8065
vn -0.9286 0.2000 -0.3127
vn -0.9964 0.0830 -0.0175
vn -0.9274 0.3208 0.1925
vn -0.5716 0.4883 0.6595
vn -0.3304 0.3965 0.8565
vn -0.0829 0.5981 0.7971
vn 0.4906 0.6395 0.5919
vn 0.7431 0.4739 0.4725
vn 0.7914 0.5866 0.1718
vn 0.2756 -0.0215 -0.9610
vn 0.3304 -0.3965 -0.8565
vn 0.0829 -0.5981 -0.7971
vn -0.8149 -0.1002 -0.5709
vn -0.7431 -0.4739 -0.4725
vn -0.7914 -0.5866 -0.1718
vn -0.8123 0.1697 0.5581
vn -0.7405 -0.2083 0.6389
vn -0.4874 -0.3022 0.8192
vn 0.2798 0.4151 0.8657
vn 0.3345 0.0333 0.9418
vn 0.5749 -0.1379 0.8065
vn 0.9521 0.2969 -0.0732
vn 0.9964 -0.0830 0.0175
vn 0.9274 -0.3208 -0.1925
vn 0.5263 -0.7751 -0.3496
vn 0.2865 -0.9138 -0.2879
vn 0.0774 -0.8760 -0.4761
vn -0.2483 -0.8995 -0.3596
vn -0.2846 -0.9550 -0.0836
vn -0.5247 -0.8509 0.0264
vn -0.5239 -0.7703 0.3636
vn -0.2832 -0.8137 0.5077
vn -0.2458 -0.6394 0.7285
vn 0.7284 -0.6800 -0.0845
vn 0.6408 -0.7470 0.1771
vn 0.4104 -0.8871 0.2111
vn 0.0804 -0.5661 0.8204
vn 0.2887 -0.6851 0.6688
vn 0.5286 -0.5338 0.6600
vt 0.181819 0.000000
vt 0.227273 0.078731
vt 0.136365 0.078731
vt 0.272728 0.157461
vt 0.318182 0.078731
vt 0.363637 0.157461
vt 0.909091 0.000000
vt 0.954545 0.078731
vt 0.863636 0.078731
vt 0.727273 0.000000
vt 0.772727 0.078731
vt 0.681818 0.078731
vt 0.545455 0.000000
vt 0.590909 0.078731
vt 0.500000 0.078731
vt 0.318182 0.236191
vt 0.090910 0.157461
vt 0.181819 0.157461
vt 0.136365 0.236191
vt 0.818182 0.157461
vt 0.909091 0.157461
vt 0.863636 0.236191
vt 0.636364 0.157461
vt 0.727273 0.157461
vt 0.681818 0.236191
vt 0.454546 0.157461
vt 0.545455 0.157461
vt 0.500000 0.236191
vt 0.227273 0.236191
vt 0.045455 0.236191
vt 0.772727 0.236191
vt 0.590909 0.236191
vt 0.409092 0.236191
vt 0.181819 0.314921
vt 0.272728 0.314921
vt 0.227273 0.393651
vt 0.000000 0.314921
vt 0.090910 0.314921
vt 0.045455 0.393651
vt 0.727273 0.314921
vt 0.818182 0.314921
vt 0.772727 0.393651
vt 0.545455 0.314921
vt 0.636364 0.314921
vt 0.590909 0.393651
vt 0.363637 0.314921
vt 0.454546 0.314921
vt 0.409092 0.393651
vt 0.500000 0.393651
vt 0.454546 0.472382
vt 0.681818 0.393651
vt 0.636364 0.472382
vt 0.863636 0.393651
vt 0.818182 0.472382
vt 0.909091 0.314921
vt 0.136365 0.393651
vt 0.090910 0.472382
vt 0.318182 0.393651
vt 0.272728 0.472382
vt 0.954545 0.236191
vt 1.000000 0.157461
vt 0.409092 0.078731
vt 0.363637 0.000000
s 0
usemtl Daun
f 1147/64/674 1160/65/674 1159/66/674
f 1148/67/675 1160/68/675 1162/69/675
f 1147/70/676 1159/71/676 1164/72/676
f 1147/73/677 1164/74/677 1166/75/677
f 1147/76/678 1166/77/678 1163/78/678
f 1148/67/679 1162/69/679 1169/79/679
f 1149/80/680 1161/81/680 1171/82/680
f 1150/83/681 1165/84/681 1173/85/681
f 1151/86/682 1167/87/682 1175/88/682
f 1152/89/683 1168/90/683 1177/91/683
f 1148/67/684 1169/79/684 1172/92/684
f 1149/80/685 1171/82/685 1174/93/685
f 1150/83/686 1173/85/686 1176/94/686
f 1151/86/687 1175/88/687 1178/95/687
f 1152/89/688 1177/91/688 1170/96/688
f 1153/97/689 1179/98/689 1184/99/689
f 1154/100/690 1180/101/690 1186/102/690
f 1155/103/691 1181/104/691 1187/105/691
f 1156/106/692 1182/107/692 1188/108/692
f 1157/109/693 1183/110/693 1185/111/693
f 1185/111/694 1188/112/694 1158/113/694
f 1185/111/695 1183/110/695 1188/112/695
f 1183/110/696 1156/106/696 1188/112/696
f 1188/108/697 1187/114/697 1158/115/697
f 1188/108/698 1182/107/698 1187/114/698
f 1182/107/699 1155/103/699 1187/114/699
f 1187/105/700 1186/116/700 1158/117/700
f 1187/105/701 1181/104/701 1186/116/701
f 1181/104/702 1154/118/702 1186/116/702
f 1186/102/703 1184/119/703 1158/120/703
f 1186/102/704 1180/101/704 1184/119/704
f 1180/101/705 1153/97/705 1184/119/705
f 1184/99/706 1185/121/706 1158/122/706
f 1184/99/707 1179/98/707 1185/121/707
f 1179/98/708 1157/109/708 1185/121/708
f 1170/96/709 1183/110/709 1157/109/709
f 1170/96/710 1177/91/710 1183/110/710
f 1177/91/711 1156/106/711 1183/110/711
f 1178/95/712 1182/107/712 1156/106/712
f 1178/95/713 1175/88/713 1182/107/713
f 1175/88/714 1155/103/714 1182/107/714
f 1176/94/715 1181/104/715 1155/103/715
f 1176/94/716 1173/85/716 1181/104/716
f 1173/85/717 1154/118/717 1181/104/717
f 1174/93/718 1180/101/718 1154/100/718
f 1174/93/719 1171/82/719 1180/101/719
f 1171/82/720 1153/97/720 1180/101/720
f 1172/92/721 1179/98/721 1153/97/721
f 1172/92/722 1169/79/722 1179/98/722
f 1169/79/723 1157/109/723 1179/98/723
f 1177/91/724 1178/95/724 1156/106/724
f 1177/91/725 1168/90/725 1178/95/725
f 1168/90/726 1151/86/726 1178/95/726
f 1175/88/727 1176/94/727 1155/103/727
f 1175/88/728 1167/87/728 1176/94/728
f 1167/87/729 1150/83/729 1176/94/729
f 1173/85/730 1174/123/730 1154/118/730
f 1173/85/731 1165/84/731 1174/123/731
f 1165/84/732 1149/124/732 1174/123/732
f 1171/82/733 1172/92/733 1153/97/733
f 1171/82/734 1161/81/734 1172/92/734
f 1161/81/735 1148/67/735 1172/92/735
f 1169/79/736 1170/96/736 1157/109/736
f 1169/79/737 1162/69/737 1170/96/737
f 1162/69/738 1152/89/738 1170/96/738
f 1163/78/739 1168/90/739 1152/89/739
f 1163/78/740 1166/77/740 1168/90/740
f 1166/77/741 1151/86/741 1168/90/741
f 1166/75/742 1167/87/742 1151/86/742
f 1166/75/743 1164/74/743 1167/87/743
f 1164/74/744 1150/83/744 1167/87/744
f 1164/72/745 1165/84/745 1150/83/745
f 1164/72/746 1159/71/746 1165/84/746
f 1159/71/747 1149/124/747 1165/84/747
f 1162/69/748 1163/125/748 1152/89/748
f 1162/69/749 1160/68/749 1163/125/749
f 1160/68/750 1147/126/750 1163/125/750
f 1159/66/751 1161/81/751 1149/80/751
f 1159/66/752 1160/65/752 1161/81/752
f 1160/65/753 1148/67/753 1161/81/753
o Icosphere.002
v -0.356523 1.029942 -0.404079
v -0.263461 1.146805 -0.362509
v -0.421978 1.143682 -0.321468
v -0.503336 1.064863 -0.439749
v -0.395099 1.019274 -0.553891
v -0.246849 1.069917 -0.506153
v -0.352760 1.253954 -0.372489
v -0.501009 1.203311 -0.420227
v -0.484397 1.126423 -0.563870
v -0.325881 1.129546 -0.604911
v -0.244523 1.208365 -0.486630
v -0.391335 1.243286 -0.522301
v -0.391940 1.078068 -0.345144
v -0.298767 1.079904 -0.369267
v -0.337240 1.146759 -0.320710
v -0.234303 1.103401 -0.429265
v -0.289003 1.034711 -0.453698
v -0.439761 1.031740 -0.414667
v -0.478235 1.098594 -0.366110
v -0.376141 1.004943 -0.481757
v -0.462436 1.025469 -0.502724
v -0.311677 1.028440 -0.541756
v -0.232934 1.184779 -0.417789
v -0.223170 1.139585 -0.502221
v -0.389728 1.209740 -0.326575
v -0.296554 1.211576 -0.350698
v -0.524688 1.133643 -0.424159
v -0.476868 1.179972 -0.354634
v -0.451304 1.061653 -0.575682
v -0.514924 1.088450 -0.508590
v -0.270991 1.093256 -0.571745
v -0.358130 1.063489 -0.599805
v -0.285423 1.247759 -0.423655
v -0.436182 1.244788 -0.384624
v -0.513556 1.169827 -0.497115
v -0.410618 1.126469 -0.605670
v -0.269624 1.174634 -0.560269
v -0.371717 1.268285 -0.444622
v -0.308097 1.241488 -0.511712
v -0.458856 1.238518 -0.472681
v -0.449091 1.193324 -0.557113
v -0.355918 1.195160 -0.581236
vn 0.1918 -0.7006 0.6873
vn 0.6948 -0.4253 0.5800
vn -0.0930 -0.7979 0.5956
vn -0.0611 -0.9455 0.3197
vn 0.2434 -0.9395 0.2409
vn 0.8943 -0.0772 0.4408
vn -0.0119 0.0829 0.9965
vn -0.8226 -0.3559 0.4434
vn -0.4174 -0.7871 -0.4541
vn 0.6437 -0.6149 -0.4557
vn 0.7501 0.2735 0.6021
vn -0.3734 0.2513 0.8930
vn -0.9500 -0.3073 0.0546
vn -0.1829 -0.6304 -0.7544
vn 0.8679 -0.2715 -0.4160
vn 0.1965 0.9703 0.1411
vn -0.5710 0.8161 0.0889
vn -0.6948 0.4253 -0.5800
vn -0.0038 0.3379 -0.9412
vn 0.5470 0.6747 -0.4955
vn 0.0930 0.7979 -0.5956
vn 0.3219 0.6706 -0.6683
vn 0.3100 0.4451 -0.8401
vn -0.1918 0.7006 -0.6873
vn -0.2284 0.4827 -0.8455
vn -0.4657 0.3288 -0.8216
vn -0.3997 0.7881 -0.4681
vn -0.6302 0.6519 -0.4218
vn -0.7432 0.6493 -0.1615
vn -0.2434 0.9395 -0.2409
vn -0.3282 0.9445 0.0173
vn -0.1391 0.9637 0.2280
vn 0.0611 0.9455 -0.3197
vn 0.2602 0.9561 -0.1351
vn 0.5119 0.8375 -0.1914
vn 0.8226 0.3559 -0.4434
vn 0.7992 0.0707 -0.5969
vn 0.5646 0.1059 -0.8185
vn 0.0119 -0.0829 -0.9965
vn -0.2352 -0.2826 -0.9300
vn -0.4908 -0.0928 -0.8663
vn -0.8943 0.0772 -0.4408
vn -0.9904 0.0355 -0.1335
vn -0.9470 0.3210 0.0147
vn -0.6437 0.6149 0.4557
vn -0.4227 0.5854 0.6918
vn -0.1735 0.7755 0.6071
vn 0.4174 0.7871 0.4541
vn 0.6833 0.6072 0.4054
vn 0.7607 0.6425 0.0921
vn 0.3734 -0.2513 -0.8930
vn 0.4227 -0.5854 -0.6918
vn 0.1735 -0.7755 -0.6071
vn -0.7501 -0.2735 -0.6021
vn -0.6833 -0.6072 -0.4054
vn -0.7607 -0.6425 -0.0921
vn -0.8679 0.2715 0.4160
vn -0.7992 -0.0707 0.5969
vn -0.5646 -0.1059 0.8185
vn 0.1829 0.6304 0.7544
vn 0.2352 0.2826 0.9300
vn 0.4908 0.0928 0.8663
vn 0.9500 0.3073 -0.0546
vn 0.9904 -0.0355 0.1335
vn 0.9470 -0.3210 -0.0147
vn 0.5710 -0.8161 -0.0889
vn 0.3282 -0.9445 -0.0173
vn 0.1391 -0.9637 -0.2280
vn -0.1965 -0.9703 -0.1411
vn -0.2602 -0.9561 0.1351
vn -0.5119 -0.8375 0.1914
vn -0.5470 -0.6747 0.4955
vn -0.3219 -0.6706 0.6683
vn -0.3100 -0.4451 0.8401
vn 0.7432 -0.6493 0.1615
vn 0.6302 -0.6519 0.4218
vn 0.3997 -0.7881 0.4681
vn 0.0038 -0.3379 0.9412
vn 0.2284 -0.4827 0.8455
vn 0.4657 -0.3288 0.8216
vt 0.181819 0.000000
vt 0.227273 0.078731
vt 0.136365 0.078731
vt 0.272728 0.157461
vt 0.318182 0.078731
vt 0.363637 0.157461
vt 0.909091 0.000000
vt 0.954545 0.078731
vt 0.863636 0.078731
vt 0.727273 0.000000
vt 0.772727 0.078731
vt 0.681818 0.078731
vt 0.545455 0.000000
vt 0.590909 0.078731
vt 0.500000 0.078731
vt 0.318182 0.236191
vt 0.090910 0.157461
vt 0.181819 0.157461
vt 0.136365 0.236191
vt 0.818182 0.157461
vt 0.909091 0.157461
vt 0.863636 0.236191
vt 0.636364 0.157461
vt 0.727273 0.157461
vt 0.681818 0.236191
vt 0.454546 0.157461
vt 0.545455 0.157461
vt 0.500000 0.236191
vt 0.227273 0.236191
vt 0.045455 0.236191
vt 0.772727 0.236191
vt 0.590909 0.236191
vt 0.409092 0.236191
vt 0.181819 0.314921
vt 0.272728 0.314921
vt 0.227273 0.393651
vt 0.000000 0.314921
vt 0.090910 0.314921
vt 0.045455 0.393651
vt 0.727273 0.314921
vt 0.818182 0.314921
vt 0.772727 0.393651
vt 0.545455 0.314921
vt 0.636364 0.314921
vt 0.590909 0.393651
vt 0.363637 0.314921
vt 0.454546 0.314921
vt 0.409092 0.393651
vt 0.500000 0.393651
vt 0.454546 0.472382
vt 0.681818 0.393651
vt 0.636364 0.472382
vt 0.863636 0.393651
vt 0.818182 0.472382
vt 0.909091 0.314921
vt 0.136365 0.393651
vt 0.090910 0.472382
vt 0.318182 0.393651
vt 0.272728 0.472382
vt 0.954545 0.236191
vt 1.000000 0.157461
vt 0.409092 0.078731
vt 0.363637 0.000000
s 0
usemtl Daun
f 1189/127/754 1202/128/754 1201/129/754
f 1190/130/755 1202/131/755 1204/132/755
f 1189/133/756 1201/134/756 1206/135/756
f 1189/136/757 1206/137/757 1208/138/757
f 1189/139/758 1208/140/758 1205/141/758
f 1190/130/759 1204/132/759 1211/142/759
f 1191/143/760 1203/144/760 1213/145/760
f 1192/146/761 1207/147/761 1215/148/761
f 1193/149/762 1209/150/762 1217/151/762
f 1194/152/763 1210/153/763 1219/154/763
f 1190/130/764 1211/142/764 1214/155/764
f 1191/143/765 1213/145/765 1216/156/765
f 1192/146/766 1215/148/766 1218/157/766
f 1193/149/767 1217/151/767 1220/158/767
f 1194/152/768 1219/154/768 1212/159/768
f 1195/160/769 1221/161/769 1226/162/769
f 1196/163/770 1222/164/770 1228/165/770
f 1197/166/771 1223/167/771 1229/168/771
f 1198/169/772 1224/170/772 1230/171/772
f 1199/172/773 1225/173/773 1227/174/773
f 1227/174/774 1230/175/774 1200/176/774
f 1227/174/775 1225/173/775 1230/175/775
f 1225/173/776 1198/169/776 1230/175/776
f 1230/171/777 1229/177/777 1200/178/777
f 1230/171/778 1224/170/778 1229/177/778
f 1224/170/779 1197/166/779 1229/177/779
f 1229/168/780 1228/179/780 1200/180/780
f 1229/168/781 1223/167/781 1228/179/781
f 1223/167/782 1196/181/782 1228/179/782
f 1228/165/783 1226/182/783 1200/183/783
f 1228/165/784 1222/164/784 1226/182/784
f 1222/164/785 1195/160/785 1226/182/785
f 1226/162/786 1227/184/786 1200/185/786
f 1226/162/787 1221/161/787 1227/184/787
f 1221/161/788 1199/172/788 1227/184/788
f 1212/159/789 1225/173/789 1199/172/789
f 1212/159/790 1219/154/790 1225/173/790
f 1219/154/791 1198/169/791 1225/173/791
f 1220/158/792 1224/170/792 1198/169/792
f 1220/158/793 1217/151/793 1224/170/793
f 1217/151/794 1197/166/794 1224/170/794
f 1218/157/795 1223/167/795 1197/166/795
f 1218/157/796 1215/148/796 1223/167/796
f 1215/148/797 1196/181/797 1223/167/797
f 1216/156/798 1222/164/798 1196/163/798
f 1216/156/799 1213/145/799 1222/164/799
f 1213/145/800 1195/160/800 1222/164/800
f 1214/155/801 1221/161/801 1195/160/801
f 1214/155/802 1211/142/802 1221/161/802
f 1211/142/803 1199/172/803 1221/161/803
f 1219/154/804 1220/158/804 1198/169/804
f 1219/154/805 1210/153/805 1220/158/805
f 1210/153/806 1193/149/806 1220/158/806
f 1217/151/807 1218/157/807 1197/166/807
f 1217/151/808 1209/150/808 1218/157/808
f 1209/150/809 1192/146/809 1218/157/809
f 1215/148/810 1216/186/810 1196/181/810
f 1215/148/811 1207/147/811 1216/186/811
f 1207/147/812 1191/187/812 1216/186/812
f 1213/145/813 1214/155/813 1195/160/813
f 1213/145/814 1203/144/814 1214/155/814
f 1203/144/815 1190/130/815 1214/155/815
f 1211/142/816 1212/159/816 1199/172/816
f 1211/142/817 1204/132/817 1212/159/817
f 1204/132/818 1194/152/818 1212/159/818
f 1205/141/819 1210/153/819 1194/152/819
f 1205/141/820 1208/140/820 1210/153/820
f 1208/140/821 1193/149/821 1210/153/821
f 1208/138/822 1209/150/822 1193/149/822
f 1208/138/823 1206/137/823 1209/150/823
f 1206/137/824 1192/146/824 1209/150/824
f 1206/135/825 1207/147/825 1192/146/825
f 1206/135/826 1201/134/826 1207/147/826
f 1201/134/827 1191/187/827 1207/147/827
f 1204/132/828 1205/188/828 1194/152/828
f 1204/132/829 1202/131/829 1205/188/829
f 1202/131/830 1189/189/830 1205/188/830
f 1201/129/831 1203/144/831 1191/143/831
f 1201/129/832 1202/128/832 1203/144/832
f 1202/128/833 1190/130/833 1203/144/833
o Icosphere.003
v -0.152141 1.194426 0.168139
v 0.084308 1.299332 0.363002
v -0.239271 1.271639 0.470349
v -0.444637 1.329047 0.202909
v -0.247977 1.392218 -0.069724
v 0.078927 1.373854 0.029221
v -0.062057 1.498792 0.518208
v -0.388961 1.517157 0.419263
v -0.394342 1.591678 0.085483
v -0.070763 1.619372 -0.021865
v 0.134603 1.561964 0.245575
v -0.157893 1.696584 0.280345
v -0.202849 1.195729 0.335922
v -0.012656 1.212007 0.272825
v -0.063869 1.257391 0.450461
v 0.123162 1.317472 0.191173
v -0.015818 1.255809 0.076636
v -0.323560 1.229472 0.178726
v -0.374775 1.274857 0.356361
v -0.207966 1.266603 0.018478
v -0.379892 1.345731 0.038915
v -0.072148 1.372068 -0.063177
v 0.155889 1.428040 0.318342
v 0.152727 1.471843 0.122151
v -0.149900 1.374630 0.541690
v 0.040296 1.390908 0.478593
v -0.462761 1.419168 0.326333
v -0.342050 1.385425 0.483532
v -0.350330 1.500103 -0.030109
v -0.465923 1.462970 0.130142
v 0.032016 1.505586 -0.035048
v -0.160134 1.516380 -0.093205
v 0.069858 1.545279 0.409569
v -0.237885 1.518942 0.511661
v -0.433196 1.573539 0.257311
v -0.246165 1.633619 -0.001977
v 0.064741 1.616154 0.092124
v -0.102067 1.624407 0.430006
v 0.013526 1.661538 0.269758
v -0.294216 1.635202 0.371848
v -0.297378 1.679004 0.175659
v -0.107184 1.695282 0.112562
vn 0.0975 -0.9945 0.0372
vn 0.6353 -0.7698 0.0624
vn -0.2032 -0.9777 -0.0538
vn -0.2082 -0.9091 -0.3608
vn 0.0894 -0.8837 -0.4595
vn 0.8852 -0.4390 0.1538
vn 0.0429 -0.5938 0.8035
vn -0.8525 -0.4738 0.2208
vn -0.5635 -0.2449 -0.7890
vn 0.5105 -0.2233 -0.8304
vn 0.8096 -0.2693 0.5216
vn -0.2885 -0.3633 0.8859
vn -0.9855 -0.1684 -0.0217
vn -0.3181 0.0459 -0.9470
vn 0.7913 -0.0164 -0.6112
vn 0.3644 0.6101 0.7036
vn -0.4196 0.6076 0.6743
vn -0.6353 0.7698 -0.0624
vn 0.0155 0.8724 -0.4885
vn 0.6333 0.7737 -0.0151
vn 0.2032 0.9777 0.0538
vn 0.4039 0.9075 -0.1154
vn 0.3468 0.8538 -0.3882
vn -0.0975 0.9945 -0.0372
vn -0.1771 0.9401 -0.2912
vn -0.4359 0.8338 -0.3387
vn -0.2783 0.9364 0.2136
vn -0.5266 0.8278 0.1933
vn -0.6277 0.6658 0.4033
vn -0.0894 0.8837 0.4595
vn -0.1616 0.7258 0.6686
vn 0.0365 0.5820 0.8124
vn 0.2082 0.9091 0.3608
vn 0.4135 0.7750 0.4779
vn 0.6388 0.6982 0.3232
vn 0.8525 0.4738 -0.2208
vn 0.7747 0.3648 -0.5165
vn 0.5407 0.5610 -0.6269
vn -0.0429 0.5938 -0.8035
vn -0.3175 0.4262 -0.8471
vn -0.5342 0.5517 -0.6405
vn -0.8852 0.4390 -0.1538
vn -0.9745 0.2151 0.0637
vn -0.8771 0.3258 0.3530
vn -0.5105 0.2233 0.8304
vn -0.2884 0.0233 0.9572
vn -0.0141 0.1954 0.9806
vn 0.5635 0.2449 0.7890
vn 0.7926 0.1159 0.5986
vn 0.8621 0.3408 0.3750
vn 0.2885 0.3633 -0.8859
vn 0.2884 -0.0233 -0.9572
vn 0.0141 -0.1954 -0.9806
vn -0.8096 0.2693 -0.5216
vn -0.7926 -0.1159 -0.5986
vn -0.8621 -0.3408 -0.3750
vn -0.7913 0.0164 0.6112
vn -0.7747 -0.3648 0.5165
vn -0.5407 -0.5610 0.6269
vn 0.3181 -0.0459 0.9470
vn 0.3175 -0.4262 0.8471
vn 0.5342 -0.5517 0.6405
vn 0.9855 0.1684 0.0217
vn 0.9745 -0.2151 -0.0637
vn 0.8771 -0.3258 -0.3530
vn 0.4196 -0.6076 -0.6743
vn 0.1616 -0.7258 -0.6686
vn -0.0365 -0.5820 -0.8124
vn -0.3644 -0.6101 -0.7036
vn -0.4135 -0.7750 -0.4779
vn -0.6388 -0.6982 -0.3232
vn -0.6333 -0.7737 0.0151
vn -0.4039 -0.9075 0.1154
vn -0.3468 -0.8538 0.3882
vn 0.6277 -0.6658 -0.4033
vn 0.5266 -0.8278 -0.1933
vn 0.2783 -0.9364 -0.2136
vn -0.0155 -0.8724 0.4885
vn 0.1771 -0.9401 0.2912
vn 0.4359 -0.8338 0.3387
vt 0.181819 0.000000
vt 0.227273 0.078731
vt 0.136365 0.078731
vt 0.272728 0.157461
vt 0.318182 0.078731
vt 0.363637 0.157461
vt 0.909091 0.000000
vt 0.954545 0.078731
vt 0.863636 0.078731
vt 0.727273 0.000000
vt 0.772727 0.078731
vt 0.681818 0.078731
vt 0.545455 0.000000
vt 0.590909 0.078731
vt 0.500000 0.078731
vt 0.318182 0.236191
vt 0.090910 0.157461
vt 0.181819 0.157461
vt 0.136365 0.236191
vt 0.818182 0.157461
vt 0.909091 0.157461
vt 0.863636 0.236191
vt 0.636364 0.157461
vt 0.727273 0.157461
vt 0.681818 0.236191
vt 0.454546 0.157461
vt 0.545455 0.157461
vt 0.500000 0.236191
vt 0.227273 0.236191
vt 0.045455 0.236191
vt 0.772727 0.236191
vt 0.590909 0.236191
vt 0.409092 0.236191
vt 0.181819 0.314921
vt 0.272728 0.314921
vt 0.227273 0.393651
vt 0.000000 0.314921
vt 0.090910 0.314921
vt 0.045455 0.393651
vt 0.727273 0.314921
vt 0.818182 0.314921
vt 0.772727 0.393651
vt 0.545455 0.314921
vt 0.636364 0.314921
vt 0.590909 0.393651
vt 0.363637 0.314921
vt 0.454546 0.314921
vt 0.409092 0.393651
vt 0.500000 0.393651
vt 0.454546 0.472382
vt 0.681818 0.393651
vt 0.636364 0.472382
vt 0.863636 0.393651
vt 0.818182 0.472382
vt 0.909091 0.314921
vt 0.136365 0.393651
vt 0.090910 0.472382
vt 0.318182 0.393651
vt 0.272728 0.472382
vt 0.954545 0.236191
vt 1.000000 0.157461
vt 0.409092 0.078731
vt 0.363637 0.000000
s 0
usemtl Daun
f 1231/190/834 1244/191/834 1243/192/834
f 1232/193/835 1244/194/835 1246/195/835
f 1231/196/836 1243/197/836 1248/198/836
f 1231/199/837 1248/200/837 1250/201/837
f 1231/202/838 1250/203/838 1247/204/838
f 1232/193/839 1246/195/839 1253/205/839
f 1233/206/840 1245/207/840 1255/208/840
f 1234/209/841 1249/210/841 1257/211/841
f 1235/212/842 1251/213/842 1259/214/842
f 1236/215/843 1252/216/843 1261/217/843
f 1232/193/844 1253/205/844 1256/218/844
f 1233/206/845 1255/208/845 1258/219/845
f 1234/209/846 1257/211/846 1260/220/846
f 1235/212/847 1259/214/847 1262/221/847
f 1236/215/848 1261/217/848 1254/222/848
f 1237/223/849 1263/224/849 1268/225/849
f 1238/226/850 1264/227/850 1270/228/850
f 1239/229/851 1265/230/851 1271/231/851
f 1240/232/852 1266/233/852 1272/234/852
f 1241/235/853 1267/236/853 1269/237/853
f 1269/237/854 1272/238/854 1242/239/854
f 1269/237/855 1267/236/855 1272/238/855
f 1267/236/856 1240/232/856 1272/238/856
f 1272/234/857 1271/240/857 1242/241/857
f 1272/234/858 1266/233/858 1271/240/858
f 1266/233/859 1239/229/859 1271/240/859
f 1271/231/860 1270/242/860 1242/243/860
f 1271/231/861 1265/230/861 1270/242/861
f 1265/230/862 1238/244/862 1270/242/862
f 1270/228/863 1268/245/863 1242/246/863
f 1270/228/864 1264/227/864 1268/245/864
f 1264/227/865 1237/223/865 1268/245/865
f 1268/225/866 1269/247/866 1242/248/866
f 1268/225/867 1263/224/867 1269/247/867
f 1263/224/868 1241/235/868 1269/247/868
f 1254/222/869 1267/236/869 1241/235/869
f 1254/222/870 1261/217/870 1267/236/870
f 1261/217/871 1240/232/871 1267/236/871
f 1262/221/872 1266/233/872 1240/232/872
f 1262/221/873 1259/214/873 1266/233/873
f 1259/214/874 1239/229/874 1266/233/874
f 1260/220/875 1265/230/875 1239/229/875
f 1260/220/876 1257/211/876 1265/230/876
f 1257/211/877 1238/244/877 1265/230/877
f 1258/219/878 1264/227/878 1238/226/878
f 1258/219/879 1255/208/879 1264/227/879
f 1255/208/880 1237/223/880 1264/227/880
f 1256/218/881 1263/224/881 1237/223/881
f 1256/218/882 1253/205/882 1263/224/882
f 1253/205/883 1241/235/883 1263/224/883
f 1261/217/884 1262/221/884 1240/232/884
f 1261/217/885 1252/216/885 1262/221/885
f 1252/216/886 1235/212/886 1262/221/886
f 1259/214/887 1260/220/887 1239/229/887
f 1259/214/888 1251/213/888 1260/220/888
f 1251/213/889 1234/209/889 1260/220/889
f 1257/211/890 1258/249/890 1238/244/890
f 1257/211/891 1249/210/891 1258/249/891
f 1249/210/892 1233/250/892 1258/249/892
f 1255/208/893 1256/218/893 1237/223/893
f 1255/208/894 1245/207/894 1256/218/894
f 1245/207/895 1232/193/895 1256/218/895
f 1253/205/896 1254/222/896 1241/235/896
f 1253/205/897 1246/195/897 1254/222/897
f 1246/195/898 1236/215/898 1254/222/898
f 1247/204/899 1252/216/899 1236/215/899
f 1247/204/900 1250/203/900 1252/216/900
f 1250/203/901 1235/212/901 1252/216/901
f 1250/201/902 1251/213/902 1235/212/902
f 1250/201/903 1248/200/903 1251/213/903
f 1248/200/904 1234/209/904 1251/213/904
f 1248/198/905 1249/210/905 1234/209/905
f 1248/198/906 1243/197/906 1249/210/906
f 1243/197/907 1233/250/907 1249/210/907
f 1246/195/908 1247/251/908 1236/215/908
f 1246/195/909 1244/194/909 1247/251/909
f 1244/194/910 1231/252/910 1247/251/910
f 1243/192/911 1245/207/911 1233/206/911
f 1243/192/912 1244/191/912 1245/207/912
f 1244/191/913 1232/193/913 1245/207/913
